"","SECCION","munn","edo","edon","disloc2013","disloc2016","P_18y+","P_Total","ENTIDAD","NOMBRE ENTIDAD","DISTRITO","MUNICIPIO","NOMBRE MUNICIPIO","TIPO"
"1",338,2,"ags",1,2,2,1380,2367,1,"AGUASCALIENTES",1,2,"ASIENTOS","MIXTO(A)"
"2",339,2,"ags",1,2,2,1268,2166,1,"AGUASCALIENTES",1,2,"ASIENTOS","MIXTO(A)"
"3",340,2,"ags",1,2,2,1273,2307,1,"AGUASCALIENTES",1,2,"ASIENTOS","RURAL"
"4",341,2,"ags",1,2,2,1464,2621,1,"AGUASCALIENTES",1,2,"ASIENTOS","MIXTO(A)"
"5",342,2,"ags",1,2,2,1214,2138,1,"AGUASCALIENTES",1,2,"ASIENTOS","RURAL"
"6",343,2,"ags",1,2,2,2282,4042,1,"AGUASCALIENTES",1,2,"ASIENTOS","MIXTO(A)"
"7",344,2,"ags",1,2,2,1956,3482,1,"AGUASCALIENTES",1,2,"ASIENTOS","RURAL"
"8",345,2,"ags",1,2,2,1716,2857,1,"AGUASCALIENTES",1,2,"ASIENTOS","RURAL"
"9",346,2,"ags",1,2,2,1364,2373,1,"AGUASCALIENTES",1,2,"ASIENTOS","RURAL"
"10",347,2,"ags",1,2,2,1931,3421,1,"AGUASCALIENTES",1,2,"ASIENTOS","RURAL"
"11",348,2,"ags",1,2,2,1231,2110,1,"AGUASCALIENTES",1,2,"ASIENTOS","URBANO(A)"
"12",349,2,"ags",1,2,2,1729,2928,1,"AGUASCALIENTES",1,2,"ASIENTOS","MIXTO(A)"
"13",350,2,"ags",1,2,2,2070,3555,1,"AGUASCALIENTES",1,2,"ASIENTOS","RURAL"
"14",351,2,"ags",1,2,2,1161,1966,1,"AGUASCALIENTES",1,2,"ASIENTOS","RURAL"
"15",352,2,"ags",1,2,2,1788,3155,1,"AGUASCALIENTES",1,2,"ASIENTOS","RURAL"
"16",353,2,"ags",1,2,2,1183,2101,1,"AGUASCALIENTES",1,2,"ASIENTOS","RURAL"
"17",354,2,"ags",1,2,2,1136,1945,1,"AGUASCALIENTES",1,2,"ASIENTOS","RURAL"
"18",355,3,"ags",1,8,3,977,1568,1,"AGUASCALIENTES",1,3,"CALVILLO","MIXTO(A)"
"19",356,3,"ags",1,8,3,1951,3336,1,"AGUASCALIENTES",1,3,"CALVILLO","URBANO(A)"
"20",357,3,"ags",1,8,3,1070,1617,1,"AGUASCALIENTES",1,3,"CALVILLO","MIXTO(A)"
"21",358,3,"ags",1,8,3,2434,4364,1,"AGUASCALIENTES",1,3,"CALVILLO","URBANO(A)"
"22",359,3,"ags",1,8,3,740,1196,1,"AGUASCALIENTES",1,3,"CALVILLO","URBANO(A)"
"23",360,3,"ags",1,8,3,611,972,1,"AGUASCALIENTES",1,3,"CALVILLO","URBANO(A)"
"24",361,3,"ags",1,8,3,1297,2066,1,"AGUASCALIENTES",1,3,"CALVILLO","URBANO(A)"
"25",362,3,"ags",1,8,3,1612,2571,1,"AGUASCALIENTES",1,3,"CALVILLO","URBANO(A)"
"26",363,3,"ags",1,8,3,1419,2513,1,"AGUASCALIENTES",1,3,"CALVILLO","URBANO(A)"
"27",364,3,"ags",1,8,3,432,664,1,"AGUASCALIENTES",1,3,"CALVILLO","RURAL"
"28",365,3,"ags",1,8,3,246,383,1,"AGUASCALIENTES",1,3,"CALVILLO","RURAL"
"29",366,3,"ags",1,8,3,433,725,1,"AGUASCALIENTES",1,3,"CALVILLO","RURAL"
"30",367,3,"ags",1,8,3,1317,2060,1,"AGUASCALIENTES",1,3,"CALVILLO","MIXTO(A)"
"31",368,3,"ags",1,8,3,69,92,1,"AGUASCALIENTES",1,3,"CALVILLO","RURAL"
"32",369,3,"ags",1,8,3,310,528,1,"AGUASCALIENTES",1,3,"CALVILLO","RURAL"
"33",370,3,"ags",1,8,3,907,1523,1,"AGUASCALIENTES",1,3,"CALVILLO","MIXTO(A)"
"34",371,3,"ags",1,8,3,773,1220,1,"AGUASCALIENTES",1,3,"CALVILLO","RURAL"
"35",372,3,"ags",1,8,3,679,1205,1,"AGUASCALIENTES",1,3,"CALVILLO","RURAL"
"36",373,3,"ags",1,8,3,831,1505,1,"AGUASCALIENTES",1,3,"CALVILLO","RURAL"
"37",374,3,"ags",1,8,3,766,1269,1,"AGUASCALIENTES",1,3,"CALVILLO","RURAL"
"38",375,3,"ags",1,8,3,1426,2453,1,"AGUASCALIENTES",1,3,"CALVILLO","URBANO(A)"
"39",376,3,"ags",1,8,3,1602,2637,1,"AGUASCALIENTES",1,3,"CALVILLO","URBANO(A)"
"40",377,3,"ags",1,8,3,1088,1637,1,"AGUASCALIENTES",1,3,"CALVILLO","URBANO(A)"
"41",378,3,"ags",1,8,3,314,517,1,"AGUASCALIENTES",1,3,"CALVILLO","RURAL"
"42",379,3,"ags",1,8,3,1080,1697,1,"AGUASCALIENTES",1,3,"CALVILLO","URBANO(A)"
"43",380,3,"ags",1,8,3,1427,2354,1,"AGUASCALIENTES",1,3,"CALVILLO","MIXTO(A)"
"44",381,3,"ags",1,8,3,747,1247,1,"AGUASCALIENTES",1,3,"CALVILLO","RURAL"
"45",382,3,"ags",1,8,3,1212,1949,1,"AGUASCALIENTES",1,3,"CALVILLO","RURAL"
"46",383,3,"ags",1,8,3,1764,3032,1,"AGUASCALIENTES",1,3,"CALVILLO","MIXTO(A)"
"47",384,3,"ags",1,8,3,941,1703,1,"AGUASCALIENTES",1,3,"CALVILLO","RURAL"
"48",385,3,"ags",1,8,3,1078,1777,1,"AGUASCALIENTES",1,3,"CALVILLO","RURAL"
"49",386,3,"ags",1,8,3,1082,1851,1,"AGUASCALIENTES",1,3,"CALVILLO","RURAL"
"50",387,4,"ags",1,1,4,2194,3725,1,"AGUASCALIENTES",1,4,"COSIO","URBANO(A)"
"51",388,4,"ags",1,1,4,1507,2473,1,"AGUASCALIENTES",1,4,"COSIO","MIXTO(A)"
"52",389,4,"ags",1,1,4,1321,2245,1,"AGUASCALIENTES",1,4,"COSIO","RURAL"
"53",390,4,"ags",1,1,4,1821,3234,1,"AGUASCALIENTES",1,4,"COSIO","MIXTO(A)"
"54",391,4,"ags",1,1,4,1862,3364,1,"AGUASCALIENTES",1,4,"COSIO","RURAL"
"55",392,5,"ags",1,7,18,4279,8231,1,"AGUASCALIENTES",1,5,"JESUS MARIA","MIXTO(A)"
"56",393,5,"ags",1,7,18,1900,3244,1,"AGUASCALIENTES",1,5,"JESUS MARIA","URBANO(A)"
"57",394,5,"ags",1,7,18,3675,7035,1,"AGUASCALIENTES",1,5,"JESUS MARIA","URBANO(A)"
"58",395,5,"ags",1,7,18,1219,1915,1,"AGUASCALIENTES",1,5,"JESUS MARIA","URBANO(A)"
"59",396,5,"ags",1,7,18,3248,5381,1,"AGUASCALIENTES",1,5,"JESUS MARIA","URBANO(A)"
"60",397,5,"ags",1,7,18,7210,12932,1,"AGUASCALIENTES",1,5,"JESUS MARIA","URBANO(A)"
"61",398,5,"ags",1,7,18,957,1524,1,"AGUASCALIENTES",1,5,"JESUS MARIA","RURAL"
"62",399,5,"ags",1,7,18,1160,2063,1,"AGUASCALIENTES",1,5,"JESUS MARIA","RURAL"
"63",400,5,"ags",1,4,17,1121,1962,1,"AGUASCALIENTES",1,5,"JESUS MARIA","MIXTO(A)"
"64",401,5,"ags",1,4,17,2626,4632,1,"AGUASCALIENTES",1,5,"JESUS MARIA","MIXTO(A)"
"65",402,5,"ags",1,4,17,897,1513,1,"AGUASCALIENTES",1,5,"JESUS MARIA","URBANO(A)"
"66",403,5,"ags",1,4,17,3430,5582,1,"AGUASCALIENTES",1,5,"JESUS MARIA","URBANO(A)"
"67",405,5,"ags",1,4,17,6957,11743,1,"AGUASCALIENTES",1,5,"JESUS MARIA","MIXTO(A)"
"68",406,5,"ags",1,7,18,2262,3955,1,"AGUASCALIENTES",1,5,"JESUS MARIA","RURAL"
"69",407,5,"ags",1,7,18,798,1452,1,"AGUASCALIENTES",1,5,"JESUS MARIA","RURAL"
"70",408,5,"ags",1,7,18,248,429,1,"AGUASCALIENTES",1,5,"JESUS MARIA","RURAL"
"71",409,5,"ags",1,7,18,713,1140,1,"AGUASCALIENTES",1,5,"JESUS MARIA","RURAL"
"72",410,5,"ags",1,7,18,2032,3315,1,"AGUASCALIENTES",1,5,"JESUS MARIA","MIXTO(A)"
"73",411,5,"ags",1,7,18,4027,7690,1,"AGUASCALIENTES",1,5,"JESUS MARIA","MIXTO(A)"
"74",412,5,"ags",1,7,18,2940,5032,1,"AGUASCALIENTES",1,5,"JESUS MARIA","RURAL"
"75",413,5,"ags",1,4,17,4094,6472,1,"AGUASCALIENTES",1,5,"JESUS MARIA","MIXTO(A)"
"76",414,5,"ags",1,7,18,1940,3158,1,"AGUASCALIENTES",1,5,"JESUS MARIA","URBANO(A)"
"77",415,6,"ags",1,3,1,3875,6799,1,"AGUASCALIENTES",1,6,"PABELLON DE ARTEAGA","MIXTO(A)"
"78",416,6,"ags",1,3,1,952,1564,1,"AGUASCALIENTES",1,6,"PABELLON DE ARTEAGA","MIXTO(A)"
"79",417,6,"ags",1,3,1,1090,1693,1,"AGUASCALIENTES",1,6,"PABELLON DE ARTEAGA","URBANO(A)"
"80",418,6,"ags",1,3,1,924,1432,1,"AGUASCALIENTES",1,6,"PABELLON DE ARTEAGA","MIXTO(A)"
"81",419,6,"ags",1,3,1,1272,1938,1,"AGUASCALIENTES",1,6,"PABELLON DE ARTEAGA","URBANO(A)"
"82",420,6,"ags",1,3,1,861,1295,1,"AGUASCALIENTES",1,6,"PABELLON DE ARTEAGA","URBANO(A)"
"83",421,6,"ags",1,3,1,3754,6905,1,"AGUASCALIENTES",1,6,"PABELLON DE ARTEAGA","URBANO(A)"
"84",422,6,"ags",1,3,1,783,1202,1,"AGUASCALIENTES",1,6,"PABELLON DE ARTEAGA","URBANO(A)"
"85",423,6,"ags",1,3,1,1028,1653,1,"AGUASCALIENTES",1,6,"PABELLON DE ARTEAGA","URBANO(A)"
"86",424,6,"ags",1,3,1,2174,3481,1,"AGUASCALIENTES",1,6,"PABELLON DE ARTEAGA","URBANO(A)"
"87",425,6,"ags",1,3,1,636,1018,1,"AGUASCALIENTES",1,6,"PABELLON DE ARTEAGA","URBANO(A)"
"88",426,6,"ags",1,3,1,969,1723,1,"AGUASCALIENTES",1,6,"PABELLON DE ARTEAGA","RURAL"
"89",427,6,"ags",1,3,1,899,1584,1,"AGUASCALIENTES",1,6,"PABELLON DE ARTEAGA","RURAL"
"90",428,6,"ags",1,3,1,2119,3776,1,"AGUASCALIENTES",1,6,"PABELLON DE ARTEAGA","RURAL"
"91",429,6,"ags",1,3,1,1630,2988,1,"AGUASCALIENTES",1,6,"PABELLON DE ARTEAGA","URBANO(A)"
"92",430,6,"ags",1,3,1,1014,1803,1,"AGUASCALIENTES",1,6,"PABELLON DE ARTEAGA","RURAL"
"93",488,6,"ags",1,3,1,167,274,1,"AGUASCALIENTES",1,6,"PABELLON DE ARTEAGA","RURAL"
"94",431,7,"ags",1,1,4,681,1022,1,"AGUASCALIENTES",1,7,"RINCON DE ROMOS","URBANO(A)"
"95",432,7,"ags",1,1,4,1552,2906,1,"AGUASCALIENTES",1,7,"RINCON DE ROMOS","URBANO(A)"
"96",433,7,"ags",1,1,4,682,1087,1,"AGUASCALIENTES",1,7,"RINCON DE ROMOS","MIXTO(A)"
"97",434,7,"ags",1,1,4,607,860,1,"AGUASCALIENTES",1,7,"RINCON DE ROMOS","URBANO(A)"
"98",435,7,"ags",1,1,4,737,1092,1,"AGUASCALIENTES",1,7,"RINCON DE ROMOS","URBANO(A)"
"99",436,7,"ags",1,1,4,3224,6156,1,"AGUASCALIENTES",1,7,"RINCON DE ROMOS","URBANO(A)"
"100",437,7,"ags",1,1,4,1657,2754,1,"AGUASCALIENTES",1,7,"RINCON DE ROMOS","MIXTO(A)"
"101",438,7,"ags",1,1,4,605,846,1,"AGUASCALIENTES",1,7,"RINCON DE ROMOS","URBANO(A)"
"102",439,7,"ags",1,1,4,1878,2913,1,"AGUASCALIENTES",1,7,"RINCON DE ROMOS","URBANO(A)"
"103",440,7,"ags",1,1,4,4258,7462,1,"AGUASCALIENTES",1,7,"RINCON DE ROMOS","MIXTO(A)"
"104",441,7,"ags",1,1,4,787,1225,1,"AGUASCALIENTES",1,7,"RINCON DE ROMOS","URBANO(A)"
"105",442,7,"ags",1,1,4,1372,2473,1,"AGUASCALIENTES",1,7,"RINCON DE ROMOS","RURAL"
"106",443,7,"ags",1,1,4,1369,2364,1,"AGUASCALIENTES",1,7,"RINCON DE ROMOS","URBANO(A)"
"107",444,7,"ags",1,1,4,694,1192,1,"AGUASCALIENTES",1,7,"RINCON DE ROMOS","RURAL"
"108",445,7,"ags",1,1,4,1532,2631,1,"AGUASCALIENTES",1,7,"RINCON DE ROMOS","RURAL"
"109",446,7,"ags",1,1,4,1268,2344,1,"AGUASCALIENTES",1,7,"RINCON DE ROMOS","RURAL"
"110",447,7,"ags",1,1,4,1513,2844,1,"AGUASCALIENTES",1,7,"RINCON DE ROMOS","URBANO(A)"
"111",448,7,"ags",1,1,4,953,1646,1,"AGUASCALIENTES",1,7,"RINCON DE ROMOS","RURAL"
"112",449,7,"ags",1,1,4,1681,2828,1,"AGUASCALIENTES",1,7,"RINCON DE ROMOS","MIXTO(A)"
"113",450,7,"ags",1,1,4,923,1569,1,"AGUASCALIENTES",1,7,"RINCON DE ROMOS","MIXTO(A)"
"114",451,7,"ags",1,1,4,542,924,1,"AGUASCALIENTES",1,7,"RINCON DE ROMOS","RURAL"
"115",452,8,"ags",1,1,3,912,1519,1,"AGUASCALIENTES",1,8,"SAN JOSE DE GRACIA","URBANO(A)"
"116",453,8,"ags",1,1,3,1013,1805,1,"AGUASCALIENTES",1,8,"SAN JOSE DE GRACIA","MIXTO(A)"
"117",454,8,"ags",1,1,3,917,1605,1,"AGUASCALIENTES",1,8,"SAN JOSE DE GRACIA","MIXTO(A)"
"118",455,8,"ags",1,1,3,267,462,1,"AGUASCALIENTES",1,8,"SAN JOSE DE GRACIA","RURAL"
"119",456,8,"ags",1,1,3,251,433,1,"AGUASCALIENTES",1,8,"SAN JOSE DE GRACIA","RURAL"
"120",457,8,"ags",1,1,3,630,1146,1,"AGUASCALIENTES",1,8,"SAN JOSE DE GRACIA","MIXTO(A)"
"121",458,8,"ags",1,1,3,758,1370,1,"AGUASCALIENTES",1,8,"SAN JOSE DE GRACIA","RURAL"
"122",459,8,"ags",1,1,3,82,106,1,"AGUASCALIENTES",1,8,"SAN JOSE DE GRACIA","RURAL"
"123",460,9,"ags",1,3,1,1186,2128,1,"AGUASCALIENTES",1,9,"TEPEZALA","URBANO(A)"
"124",461,9,"ags",1,3,1,1363,2393,1,"AGUASCALIENTES",1,9,"TEPEZALA","URBANO(A)"
"125",462,9,"ags",1,3,1,1342,2240,1,"AGUASCALIENTES",1,9,"TEPEZALA","MIXTO(A)"
"126",463,9,"ags",1,3,1,1100,1822,1,"AGUASCALIENTES",1,9,"TEPEZALA","RURAL"
"127",464,9,"ags",1,3,1,1297,2204,1,"AGUASCALIENTES",1,9,"TEPEZALA","RURAL"
"128",465,9,"ags",1,3,1,418,757,1,"AGUASCALIENTES",1,9,"TEPEZALA","RURAL"
"129",466,9,"ags",1,3,1,509,969,1,"AGUASCALIENTES",1,9,"TEPEZALA","RURAL"
"130",467,9,"ags",1,3,1,1494,2652,1,"AGUASCALIENTES",1,9,"TEPEZALA","RURAL"
"131",468,9,"ags",1,3,1,685,1207,1,"AGUASCALIENTES",1,9,"TEPEZALA","RURAL"
"132",469,9,"ags",1,3,1,1938,3374,1,"AGUASCALIENTES",1,9,"TEPEZALA","URBANO(A)"
"133",404,10,"ags",1,4,17,612,1056,1,"AGUASCALIENTES",1,10,"SAN FRANCISCO DE LOS ROMO","RURAL"
"134",470,10,"ags",1,4,17,1019,1568,1,"AGUASCALIENTES",1,10,"SAN FRANCISCO DE LOS ROMO","MIXTO(A)"
"135",471,10,"ags",1,4,17,1209,1894,1,"AGUASCALIENTES",1,10,"SAN FRANCISCO DE LOS ROMO","URBANO(A)"
"136",472,10,"ags",1,4,17,1091,1738,1,"AGUASCALIENTES",1,10,"SAN FRANCISCO DE LOS ROMO","URBANO(A)"
"137",473,10,"ags",1,4,17,5830,10911,1,"AGUASCALIENTES",1,10,"SAN FRANCISCO DE LOS ROMO","MIXTO(A)"
"138",474,10,"ags",1,4,17,1073,1906,1,"AGUASCALIENTES",1,10,"SAN FRANCISCO DE LOS ROMO","RURAL"
"139",475,10,"ags",1,4,17,1079,1916,1,"AGUASCALIENTES",1,10,"SAN FRANCISCO DE LOS ROMO","RURAL"
"140",476,10,"ags",1,4,17,2558,4601,1,"AGUASCALIENTES",1,10,"SAN FRANCISCO DE LOS ROMO","RURAL"
"141",477,10,"ags",1,4,17,2624,4649,1,"AGUASCALIENTES",1,10,"SAN FRANCISCO DE LOS ROMO","RURAL"
"142",478,10,"ags",1,4,17,4143,7421,1,"AGUASCALIENTES",1,10,"SAN FRANCISCO DE LOS ROMO","MIXTO(A)"
"143",479,11,"ags",1,2,2,1740,3069,1,"AGUASCALIENTES",1,11,"EL LLANO","MIXTO(A)"
"144",480,11,"ags",1,2,2,1440,2470,1,"AGUASCALIENTES",1,11,"EL LLANO","MIXTO(A)"
"145",481,11,"ags",1,2,2,1019,1735,1,"AGUASCALIENTES",1,11,"EL LLANO","RURAL"
"146",482,11,"ags",1,2,2,1890,3347,1,"AGUASCALIENTES",1,11,"EL LLANO","RURAL"
"147",483,11,"ags",1,2,2,719,1241,1,"AGUASCALIENTES",1,11,"EL LLANO","RURAL"
"148",484,11,"ags",1,2,2,682,1143,1,"AGUASCALIENTES",1,11,"EL LLANO","RURAL"
"149",485,11,"ags",1,2,2,1592,2726,1,"AGUASCALIENTES",1,11,"EL LLANO","RURAL"
"150",486,11,"ags",1,2,2,1883,3094,1,"AGUASCALIENTES",1,11,"EL LLANO","RURAL"
"151",42,1,"ags",1,6,11,822,1302,1,"AGUASCALIENTES",2,1,"AGUASCALIENTES","URBANO(A)"
"152",43,1,"ags",1,6,11,1553,2230,1,"AGUASCALIENTES",2,1,"AGUASCALIENTES","URBANO(A)"
"153",57,1,"ags",1,11,12,682,946,1,"AGUASCALIENTES",2,1,"AGUASCALIENTES","URBANO(A)"
"154",58,1,"ags",1,11,12,556,752,1,"AGUASCALIENTES",2,1,"AGUASCALIENTES","URBANO(A)"
"155",63,1,"ags",1,11,12,559,751,1,"AGUASCALIENTES",2,1,"AGUASCALIENTES","URBANO(A)"
"156",64,1,"ags",1,11,12,726,966,1,"AGUASCALIENTES",2,1,"AGUASCALIENTES","URBANO(A)"
"157",65,1,"ags",1,11,12,497,681,1,"AGUASCALIENTES",2,1,"AGUASCALIENTES","URBANO(A)"
"158",66,1,"ags",1,11,12,683,895,1,"AGUASCALIENTES",2,1,"AGUASCALIENTES","URBANO(A)"
"159",67,1,"ags",1,11,12,476,610,1,"AGUASCALIENTES",2,1,"AGUASCALIENTES","URBANO(A)"
"160",68,1,"ags",1,11,12,528,684,1,"AGUASCALIENTES",2,1,"AGUASCALIENTES","URBANO(A)"
"161",69,1,"ags",1,11,12,739,1030,1,"AGUASCALIENTES",2,1,"AGUASCALIENTES","URBANO(A)"
"162",70,1,"ags",1,11,12,526,681,1,"AGUASCALIENTES",2,1,"AGUASCALIENTES","URBANO(A)"
"163",71,1,"ags",1,11,12,930,1210,1,"AGUASCALIENTES",2,1,"AGUASCALIENTES","URBANO(A)"
"164",72,1,"ags",1,11,12,387,499,1,"AGUASCALIENTES",2,1,"AGUASCALIENTES","URBANO(A)"
"165",73,1,"ags",1,11,12,677,862,1,"AGUASCALIENTES",2,1,"AGUASCALIENTES","URBANO(A)"
"166",74,1,"ags",1,11,12,401,519,1,"AGUASCALIENTES",2,1,"AGUASCALIENTES","URBANO(A)"
"167",75,1,"ags",1,11,12,498,636,1,"AGUASCALIENTES",2,1,"AGUASCALIENTES","URBANO(A)"
"168",76,1,"ags",1,11,12,367,459,1,"AGUASCALIENTES",2,1,"AGUASCALIENTES","URBANO(A)"
"169",77,1,"ags",1,11,12,472,624,1,"AGUASCALIENTES",2,1,"AGUASCALIENTES","URBANO(A)"
"170",78,1,"ags",1,11,12,629,856,1,"AGUASCALIENTES",2,1,"AGUASCALIENTES","URBANO(A)"
"171",79,1,"ags",1,11,12,684,878,1,"AGUASCALIENTES",2,1,"AGUASCALIENTES","URBANO(A)"
"172",80,1,"ags",1,5,16,5146,8392,1,"AGUASCALIENTES",2,1,"AGUASCALIENTES","MIXTO(A)"
"173",82,1,"ags",1,5,16,9018,15039,1,"AGUASCALIENTES",2,1,"AGUASCALIENTES","URBANO(A)"
"174",83,1,"ags",1,12,7,6978,12481,1,"AGUASCALIENTES",2,1,"AGUASCALIENTES","MIXTO(A)"
"175",84,1,"ags",1,12,7,1831,3000,1,"AGUASCALIENTES",2,1,"AGUASCALIENTES","URBANO(A)"
"176",85,1,"ags",1,5,7,2863,5043,1,"AGUASCALIENTES",2,1,"AGUASCALIENTES","URBANO(A)"
"177",86,1,"ags",1,5,16,8721,15349,1,"AGUASCALIENTES",2,1,"AGUASCALIENTES","URBANO(A)"
"178",87,1,"ags",1,15,16,1684,2771,1,"AGUASCALIENTES",2,1,"AGUASCALIENTES","URBANO(A)"
"179",88,1,"ags",1,15,16,1014,1622,1,"AGUASCALIENTES",2,1,"AGUASCALIENTES","URBANO(A)"
"180",89,1,"ags",1,15,16,847,1384,1,"AGUASCALIENTES",2,1,"AGUASCALIENTES","URBANO(A)"
"181",90,1,"ags",1,15,16,2542,3940,1,"AGUASCALIENTES",2,1,"AGUASCALIENTES","URBANO(A)"
"182",91,1,"ags",1,15,11,822,1118,1,"AGUASCALIENTES",2,1,"AGUASCALIENTES","URBANO(A)"
"183",92,1,"ags",1,15,11,692,957,1,"AGUASCALIENTES",2,1,"AGUASCALIENTES","URBANO(A)"
"184",93,1,"ags",1,15,8,662,944,1,"AGUASCALIENTES",2,1,"AGUASCALIENTES","URBANO(A)"
"185",94,1,"ags",1,15,8,582,840,1,"AGUASCALIENTES",2,1,"AGUASCALIENTES","URBANO(A)"
"186",95,1,"ags",1,15,8,840,1209,1,"AGUASCALIENTES",2,1,"AGUASCALIENTES","URBANO(A)"
"187",96,1,"ags",1,15,8,2070,3343,1,"AGUASCALIENTES",2,1,"AGUASCALIENTES","URBANO(A)"
"188",97,1,"ags",1,5,8,740,1260,1,"AGUASCALIENTES",2,1,"AGUASCALIENTES","URBANO(A)"
"189",99,1,"ags",1,13,8,1656,2727,1,"AGUASCALIENTES",2,1,"AGUASCALIENTES","URBANO(A)"
"190",100,1,"ags",1,5,8,905,1372,1,"AGUASCALIENTES",2,1,"AGUASCALIENTES","URBANO(A)"
"191",101,1,"ags",1,15,8,1431,2359,1,"AGUASCALIENTES",2,1,"AGUASCALIENTES","URBANO(A)"
"192",102,1,"ags",1,15,8,815,1185,1,"AGUASCALIENTES",2,1,"AGUASCALIENTES","URBANO(A)"
"193",103,1,"ags",1,15,8,731,1062,1,"AGUASCALIENTES",2,1,"AGUASCALIENTES","URBANO(A)"
"194",104,1,"ags",1,15,12,461,656,1,"AGUASCALIENTES",2,1,"AGUASCALIENTES","URBANO(A)"
"195",105,1,"ags",1,15,12,528,762,1,"AGUASCALIENTES",2,1,"AGUASCALIENTES","URBANO(A)"
"196",106,1,"ags",1,11,12,942,1385,1,"AGUASCALIENTES",2,1,"AGUASCALIENTES","URBANO(A)"
"197",107,1,"ags",1,11,12,937,1372,1,"AGUASCALIENTES",2,1,"AGUASCALIENTES","URBANO(A)"
"198",108,1,"ags",1,11,12,805,1124,1,"AGUASCALIENTES",2,1,"AGUASCALIENTES","URBANO(A)"
"199",109,1,"ags",1,11,12,941,1357,1,"AGUASCALIENTES",2,1,"AGUASCALIENTES","URBANO(A)"
"200",110,1,"ags",1,15,12,382,553,1,"AGUASCALIENTES",2,1,"AGUASCALIENTES","URBANO(A)"
"201",111,1,"ags",1,15,12,883,1248,1,"AGUASCALIENTES",2,1,"AGUASCALIENTES","URBANO(A)"
"202",112,1,"ags",1,15,12,1028,1396,1,"AGUASCALIENTES",2,1,"AGUASCALIENTES","URBANO(A)"
"203",113,1,"ags",1,15,8,929,1242,1,"AGUASCALIENTES",2,1,"AGUASCALIENTES","URBANO(A)"
"204",114,1,"ags",1,15,8,810,1102,1,"AGUASCALIENTES",2,1,"AGUASCALIENTES","URBANO(A)"
"205",115,1,"ags",1,15,8,988,1381,1,"AGUASCALIENTES",2,1,"AGUASCALIENTES","URBANO(A)"
"206",116,1,"ags",1,13,8,7559,12040,1,"AGUASCALIENTES",2,1,"AGUASCALIENTES","URBANO(A)"
"207",117,1,"ags",1,13,8,1349,1988,1,"AGUASCALIENTES",2,1,"AGUASCALIENTES","URBANO(A)"
"208",118,1,"ags",1,13,8,5293,8633,1,"AGUASCALIENTES",2,1,"AGUASCALIENTES","URBANO(A)"
"209",119,1,"ags",1,15,8,3151,4735,1,"AGUASCALIENTES",2,1,"AGUASCALIENTES","URBANO(A)"
"210",120,1,"ags",1,15,12,675,919,1,"AGUASCALIENTES",2,1,"AGUASCALIENTES","URBANO(A)"
"211",121,1,"ags",1,15,12,521,741,1,"AGUASCALIENTES",2,1,"AGUASCALIENTES","URBANO(A)"
"212",122,1,"ags",1,15,8,906,1290,1,"AGUASCALIENTES",2,1,"AGUASCALIENTES","URBANO(A)"
"213",123,1,"ags",1,15,12,546,721,1,"AGUASCALIENTES",2,1,"AGUASCALIENTES","URBANO(A)"
"214",124,1,"ags",1,15,12,423,562,1,"AGUASCALIENTES",2,1,"AGUASCALIENTES","URBANO(A)"
"215",125,1,"ags",1,15,15,895,1195,1,"AGUASCALIENTES",2,1,"AGUASCALIENTES","URBANO(A)"
"216",126,1,"ags",1,15,9,1724,2765,1,"AGUASCALIENTES",2,1,"AGUASCALIENTES","URBANO(A)"
"217",127,1,"ags",1,13,9,1176,1573,1,"AGUASCALIENTES",2,1,"AGUASCALIENTES","URBANO(A)"
"218",128,1,"ags",1,13,9,785,1069,1,"AGUASCALIENTES",2,1,"AGUASCALIENTES","URBANO(A)"
"219",129,1,"ags",1,13,9,853,1149,1,"AGUASCALIENTES",2,1,"AGUASCALIENTES","URBANO(A)"
"220",130,1,"ags",1,13,9,1218,1728,1,"AGUASCALIENTES",2,1,"AGUASCALIENTES","URBANO(A)"
"221",131,1,"ags",1,13,9,893,1176,1,"AGUASCALIENTES",2,1,"AGUASCALIENTES","URBANO(A)"
"222",132,1,"ags",1,13,9,839,1105,1,"AGUASCALIENTES",2,1,"AGUASCALIENTES","URBANO(A)"
"223",133,1,"ags",1,13,9,966,1325,1,"AGUASCALIENTES",2,1,"AGUASCALIENTES","URBANO(A)"
"224",134,1,"ags",1,16,9,713,967,1,"AGUASCALIENTES",2,1,"AGUASCALIENTES","URBANO(A)"
"225",135,1,"ags",1,16,9,1032,1539,1,"AGUASCALIENTES",2,1,"AGUASCALIENTES","URBANO(A)"
"226",136,1,"ags",1,16,9,1459,2089,1,"AGUASCALIENTES",2,1,"AGUASCALIENTES","URBANO(A)"
"227",137,1,"ags",1,13,9,427,696,1,"AGUASCALIENTES",2,1,"AGUASCALIENTES","URBANO(A)"
"228",138,1,"ags",1,15,15,1218,1699,1,"AGUASCALIENTES",2,1,"AGUASCALIENTES","URBANO(A)"
"229",139,1,"ags",1,15,15,740,1088,1,"AGUASCALIENTES",2,1,"AGUASCALIENTES","URBANO(A)"
"230",140,1,"ags",1,15,15,787,1024,1,"AGUASCALIENTES",2,1,"AGUASCALIENTES","URBANO(A)"
"231",141,1,"ags",1,15,12,816,1146,1,"AGUASCALIENTES",2,1,"AGUASCALIENTES","URBANO(A)"
"232",142,1,"ags",1,15,12,745,957,1,"AGUASCALIENTES",2,1,"AGUASCALIENTES","URBANO(A)"
"233",143,1,"ags",1,15,15,703,932,1,"AGUASCALIENTES",2,1,"AGUASCALIENTES","URBANO(A)"
"234",144,1,"ags",1,15,15,773,1119,1,"AGUASCALIENTES",2,1,"AGUASCALIENTES","URBANO(A)"
"235",145,1,"ags",1,15,15,639,879,1,"AGUASCALIENTES",2,1,"AGUASCALIENTES","URBANO(A)"
"236",146,1,"ags",1,15,15,884,1312,1,"AGUASCALIENTES",2,1,"AGUASCALIENTES","URBANO(A)"
"237",147,1,"ags",1,15,15,878,1289,1,"AGUASCALIENTES",2,1,"AGUASCALIENTES","URBANO(A)"
"238",148,1,"ags",1,15,15,1140,1764,1,"AGUASCALIENTES",2,1,"AGUASCALIENTES","URBANO(A)"
"239",149,1,"ags",1,15,15,3379,4999,1,"AGUASCALIENTES",2,1,"AGUASCALIENTES","URBANO(A)"
"240",150,1,"ags",1,16,9,761,1073,1,"AGUASCALIENTES",2,1,"AGUASCALIENTES","URBANO(A)"
"241",151,1,"ags",1,16,9,639,996,1,"AGUASCALIENTES",2,1,"AGUASCALIENTES","URBANO(A)"
"242",152,1,"ags",1,16,9,2381,3689,1,"AGUASCALIENTES",2,1,"AGUASCALIENTES","URBANO(A)"
"243",153,1,"ags",1,16,9,853,1213,1,"AGUASCALIENTES",2,1,"AGUASCALIENTES","URBANO(A)"
"244",154,1,"ags",1,15,9,1276,2166,1,"AGUASCALIENTES",2,1,"AGUASCALIENTES","URBANO(A)"
"245",155,1,"ags",1,14,9,8177,13928,1,"AGUASCALIENTES",2,1,"AGUASCALIENTES","URBANO(A)"
"246",156,1,"ags",1,14,15,10093,15903,1,"AGUASCALIENTES",2,1,"AGUASCALIENTES","URBANO(A)"
"247",157,1,"ags",1,14,15,772,1144,1,"AGUASCALIENTES",2,1,"AGUASCALIENTES","URBANO(A)"
"248",158,1,"ags",1,15,15,380,546,1,"AGUASCALIENTES",2,1,"AGUASCALIENTES","URBANO(A)"
"249",159,1,"ags",1,15,15,585,746,1,"AGUASCALIENTES",2,1,"AGUASCALIENTES","URBANO(A)"
"250",160,1,"ags",1,15,15,942,1299,1,"AGUASCALIENTES",2,1,"AGUASCALIENTES","URBANO(A)"
"251",164,1,"ags",1,14,15,5549,8466,1,"AGUASCALIENTES",2,1,"AGUASCALIENTES","URBANO(A)"
"252",165,1,"ags",1,14,15,1206,1860,1,"AGUASCALIENTES",2,1,"AGUASCALIENTES","URBANO(A)"
"253",167,1,"ags",1,14,15,592,901,1,"AGUASCALIENTES",2,1,"AGUASCALIENTES","URBANO(A)"
"254",168,1,"ags",1,14,15,2327,3474,1,"AGUASCALIENTES",2,1,"AGUASCALIENTES","URBANO(A)"
"255",169,1,"ags",1,14,15,1661,2513,1,"AGUASCALIENTES",2,1,"AGUASCALIENTES","URBANO(A)"
"256",170,1,"ags",1,14,15,1972,3076,1,"AGUASCALIENTES",2,1,"AGUASCALIENTES","URBANO(A)"
"257",185,1,"ags",1,11,12,313,418,1,"AGUASCALIENTES",2,1,"AGUASCALIENTES","URBANO(A)"
"258",186,1,"ags",1,11,12,360,509,1,"AGUASCALIENTES",2,1,"AGUASCALIENTES","URBANO(A)"
"259",315,1,"ags",1,18,6,2681,4705,1,"AGUASCALIENTES",2,1,"AGUASCALIENTES","MIXTO(A)"
"260",316,1,"ags",1,12,7,1906,3200,1,"AGUASCALIENTES",2,1,"AGUASCALIENTES","MIXTO(A)"
"261",317,1,"ags",1,12,7,2055,3372,1,"AGUASCALIENTES",2,1,"AGUASCALIENTES","MIXTO(A)"
"262",318,1,"ags",1,12,7,11716,20864,1,"AGUASCALIENTES",2,1,"AGUASCALIENTES","MIXTO(A)"
"263",323,1,"ags",1,18,6,3417,6328,1,"AGUASCALIENTES",2,1,"AGUASCALIENTES","MIXTO(A)"
"264",324,1,"ags",1,18,6,1237,1999,1,"AGUASCALIENTES",2,1,"AGUASCALIENTES","RURAL"
"265",325,1,"ags",1,18,6,12018,20361,1,"AGUASCALIENTES",2,1,"AGUASCALIENTES","MIXTO(A)"
"266",332,1,"ags",1,18,6,1837,3043,1,"AGUASCALIENTES",2,1,"AGUASCALIENTES","RURAL"
"267",489,1,"ags",1,13,8,678,1142,1,"AGUASCALIENTES",2,1,"AGUASCALIENTES","URBANO(A)"
"268",490,1,"ags",1,13,8,590,966,1,"AGUASCALIENTES",2,1,"AGUASCALIENTES","URBANO(A)"
"269",491,1,"ags",1,13,8,613,1078,1,"AGUASCALIENTES",2,1,"AGUASCALIENTES","URBANO(A)"
"270",492,1,"ags",1,12,8,716,1340,1,"AGUASCALIENTES",2,1,"AGUASCALIENTES","URBANO(A)"
"271",493,1,"ags",1,12,7,1062,2019,1,"AGUASCALIENTES",2,1,"AGUASCALIENTES","URBANO(A)"
"272",494,1,"ags",1,12,7,704,1352,1,"AGUASCALIENTES",2,1,"AGUASCALIENTES","URBANO(A)"
"273",495,1,"ags",1,12,7,955,1826,1,"AGUASCALIENTES",2,1,"AGUASCALIENTES","URBANO(A)"
"274",496,1,"ags",1,12,7,1525,2648,1,"AGUASCALIENTES",2,1,"AGUASCALIENTES","URBANO(A)"
"275",497,1,"ags",1,12,7,590,1097,1,"AGUASCALIENTES",2,1,"AGUASCALIENTES","URBANO(A)"
"276",498,1,"ags",1,12,8,710,1274,1,"AGUASCALIENTES",2,1,"AGUASCALIENTES","URBANO(A)"
"277",499,1,"ags",1,13,8,708,1235,1,"AGUASCALIENTES",2,1,"AGUASCALIENTES","URBANO(A)"
"278",500,1,"ags",1,13,8,698,1225,1,"AGUASCALIENTES",2,1,"AGUASCALIENTES","URBANO(A)"
"279",501,1,"ags",1,13,8,768,1269,1,"AGUASCALIENTES",2,1,"AGUASCALIENTES","URBANO(A)"
"280",502,1,"ags",1,13,8,684,1200,1,"AGUASCALIENTES",2,1,"AGUASCALIENTES","URBANO(A)"
"281",503,1,"ags",1,13,8,568,1049,1,"AGUASCALIENTES",2,1,"AGUASCALIENTES","URBANO(A)"
"282",504,1,"ags",1,13,8,681,1174,1,"AGUASCALIENTES",2,1,"AGUASCALIENTES","URBANO(A)"
"283",505,1,"ags",1,13,8,650,1105,1,"AGUASCALIENTES",2,1,"AGUASCALIENTES","URBANO(A)"
"284",506,1,"ags",1,13,8,624,1076,1,"AGUASCALIENTES",2,1,"AGUASCALIENTES","URBANO(A)"
"285",507,1,"ags",1,13,8,624,1063,1,"AGUASCALIENTES",2,1,"AGUASCALIENTES","URBANO(A)"
"286",508,1,"ags",1,12,5,464,830,1,"AGUASCALIENTES",2,1,"AGUASCALIENTES","URBANO(A)"
"287",509,1,"ags",1,12,5,1390,2593,1,"AGUASCALIENTES",2,1,"AGUASCALIENTES","URBANO(A)"
"288",510,1,"ags",1,12,5,482,845,1,"AGUASCALIENTES",2,1,"AGUASCALIENTES","URBANO(A)"
"289",511,1,"ags",1,13,8,601,1080,1,"AGUASCALIENTES",2,1,"AGUASCALIENTES","URBANO(A)"
"290",512,1,"ags",1,13,5,443,773,1,"AGUASCALIENTES",2,1,"AGUASCALIENTES","URBANO(A)"
"291",513,1,"ags",1,12,5,359,630,1,"AGUASCALIENTES",2,1,"AGUASCALIENTES","URBANO(A)"
"292",514,1,"ags",1,14,15,553,851,1,"AGUASCALIENTES",2,1,"AGUASCALIENTES","URBANO(A)"
"293",515,1,"ags",1,14,15,612,1039,1,"AGUASCALIENTES",2,1,"AGUASCALIENTES","URBANO(A)"
"294",516,1,"ags",1,14,9,655,1194,1,"AGUASCALIENTES",2,1,"AGUASCALIENTES","URBANO(A)"
"295",517,1,"ags",1,14,15,583,873,1,"AGUASCALIENTES",2,1,"AGUASCALIENTES","URBANO(A)"
"296",518,1,"ags",1,14,15,557,840,1,"AGUASCALIENTES",2,1,"AGUASCALIENTES","URBANO(A)"
"297",519,1,"ags",1,14,15,475,724,1,"AGUASCALIENTES",2,1,"AGUASCALIENTES","URBANO(A)"
"298",520,1,"ags",1,14,15,597,909,1,"AGUASCALIENTES",2,1,"AGUASCALIENTES","URBANO(A)"
"299",521,1,"ags",1,14,15,623,987,1,"AGUASCALIENTES",2,1,"AGUASCALIENTES","URBANO(A)"
"300",522,1,"ags",1,14,9,653,1033,1,"AGUASCALIENTES",2,1,"AGUASCALIENTES","URBANO(A)"
"301",523,1,"ags",1,14,9,656,1056,1,"AGUASCALIENTES",2,1,"AGUASCALIENTES","URBANO(A)"
"302",524,1,"ags",1,14,9,683,1111,1,"AGUASCALIENTES",2,1,"AGUASCALIENTES","URBANO(A)"
"303",525,1,"ags",1,18,9,717,1196,1,"AGUASCALIENTES",2,1,"AGUASCALIENTES","URBANO(A)"
"304",526,1,"ags",1,18,15,647,1052,1,"AGUASCALIENTES",2,1,"AGUASCALIENTES","URBANO(A)"
"305",527,1,"ags",1,18,15,616,1021,1,"AGUASCALIENTES",2,1,"AGUASCALIENTES","URBANO(A)"
"306",528,1,"ags",1,18,15,538,920,1,"AGUASCALIENTES",2,1,"AGUASCALIENTES","URBANO(A)"
"307",529,1,"ags",1,18,9,680,1065,1,"AGUASCALIENTES",2,1,"AGUASCALIENTES","URBANO(A)"
"308",530,1,"ags",1,14,9,1349,2479,1,"AGUASCALIENTES",2,1,"AGUASCALIENTES","URBANO(A)"
"309",531,1,"ags",1,18,9,719,1289,1,"AGUASCALIENTES",2,1,"AGUASCALIENTES","URBANO(A)"
"310",532,1,"ags",1,18,9,650,1214,1,"AGUASCALIENTES",2,1,"AGUASCALIENTES","URBANO(A)"
"311",533,1,"ags",1,18,9,731,1398,1,"AGUASCALIENTES",2,1,"AGUASCALIENTES","URBANO(A)"
"312",534,1,"ags",1,18,6,716,1363,1,"AGUASCALIENTES",2,1,"AGUASCALIENTES","URBANO(A)"
"313",535,1,"ags",1,18,6,785,1488,1,"AGUASCALIENTES",2,1,"AGUASCALIENTES","URBANO(A)"
"314",536,1,"ags",1,18,6,803,1579,1,"AGUASCALIENTES",2,1,"AGUASCALIENTES","URBANO(A)"
"315",537,1,"ags",1,18,6,655,1231,1,"AGUASCALIENTES",2,1,"AGUASCALIENTES","URBANO(A)"
"316",538,1,"ags",1,18,6,533,904,1,"AGUASCALIENTES",2,1,"AGUASCALIENTES","URBANO(A)"
"317",539,1,"ags",1,18,6,562,1035,1,"AGUASCALIENTES",2,1,"AGUASCALIENTES","URBANO(A)"
"318",540,1,"ags",1,18,6,685,1339,1,"AGUASCALIENTES",2,1,"AGUASCALIENTES","URBANO(A)"
"319",541,1,"ags",1,18,6,614,1224,1,"AGUASCALIENTES",2,1,"AGUASCALIENTES","URBANO(A)"
"320",542,1,"ags",1,18,6,683,1290,1,"AGUASCALIENTES",2,1,"AGUASCALIENTES","URBANO(A)"
"321",543,1,"ags",1,18,6,684,1315,1,"AGUASCALIENTES",2,1,"AGUASCALIENTES","URBANO(A)"
"322",544,1,"ags",1,18,6,649,1279,1,"AGUASCALIENTES",2,1,"AGUASCALIENTES","URBANO(A)"
"323",545,1,"ags",1,18,6,755,1473,1,"AGUASCALIENTES",2,1,"AGUASCALIENTES","URBANO(A)"
"324",546,1,"ags",1,18,6,813,1654,1,"AGUASCALIENTES",2,1,"AGUASCALIENTES","URBANO(A)"
"325",547,1,"ags",1,18,6,760,1575,1,"AGUASCALIENTES",2,1,"AGUASCALIENTES","URBANO(A)"
"326",548,1,"ags",1,13,5,600,1035,1,"AGUASCALIENTES",2,1,"AGUASCALIENTES","URBANO(A)"
"327",549,1,"ags",1,13,5,1274,2142,1,"AGUASCALIENTES",2,1,"AGUASCALIENTES","URBANO(A)"
"328",550,1,"ags",1,13,5,652,1096,1,"AGUASCALIENTES",2,1,"AGUASCALIENTES","URBANO(A)"
"329",551,1,"ags",1,13,5,665,1237,1,"AGUASCALIENTES",2,1,"AGUASCALIENTES","URBANO(A)"
"330",552,1,"ags",1,13,5,510,913,1,"AGUASCALIENTES",2,1,"AGUASCALIENTES","URBANO(A)"
"331",553,1,"ags",1,13,5,653,1155,1,"AGUASCALIENTES",2,1,"AGUASCALIENTES","URBANO(A)"
"332",554,1,"ags",1,13,5,659,1180,1,"AGUASCALIENTES",2,1,"AGUASCALIENTES","URBANO(A)"
"333",555,1,"ags",1,13,5,2115,3515,1,"AGUASCALIENTES",2,1,"AGUASCALIENTES","URBANO(A)"
"334",556,1,"ags",1,13,5,601,1130,1,"AGUASCALIENTES",2,1,"AGUASCALIENTES","URBANO(A)"
"335",557,1,"ags",1,13,5,416,769,1,"AGUASCALIENTES",2,1,"AGUASCALIENTES","URBANO(A)"
"336",558,1,"ags",1,13,9,863,1467,1,"AGUASCALIENTES",2,1,"AGUASCALIENTES","URBANO(A)"
"337",559,1,"ags",1,16,9,638,1076,1,"AGUASCALIENTES",2,1,"AGUASCALIENTES","URBANO(A)"
"338",560,1,"ags",1,16,5,822,1416,1,"AGUASCALIENTES",2,1,"AGUASCALIENTES","URBANO(A)"
"339",561,1,"ags",1,16,9,326,577,1,"AGUASCALIENTES",2,1,"AGUASCALIENTES","URBANO(A)"
"340",562,1,"ags",1,16,9,678,1141,1,"AGUASCALIENTES",2,1,"AGUASCALIENTES","URBANO(A)"
"341",563,1,"ags",1,16,9,616,1040,1,"AGUASCALIENTES",2,1,"AGUASCALIENTES","URBANO(A)"
"342",564,1,"ags",1,16,9,662,1082,1,"AGUASCALIENTES",2,1,"AGUASCALIENTES","URBANO(A)"
"343",565,1,"ags",1,16,9,574,930,1,"AGUASCALIENTES",2,1,"AGUASCALIENTES","URBANO(A)"
"344",566,1,"ags",1,16,9,612,1014,1,"AGUASCALIENTES",2,1,"AGUASCALIENTES","URBANO(A)"
"345",567,1,"ags",1,16,9,669,1100,1,"AGUASCALIENTES",2,1,"AGUASCALIENTES","URBANO(A)"
"346",568,1,"ags",1,16,9,489,840,1,"AGUASCALIENTES",2,1,"AGUASCALIENTES","URBANO(A)"
"347",569,1,"ags",1,16,9,607,946,1,"AGUASCALIENTES",2,1,"AGUASCALIENTES","URBANO(A)"
"348",570,1,"ags",1,16,9,439,737,1,"AGUASCALIENTES",2,1,"AGUASCALIENTES","URBANO(A)"
"349",571,1,"ags",1,16,9,469,825,1,"AGUASCALIENTES",2,1,"AGUASCALIENTES","URBANO(A)"
"350",572,1,"ags",1,16,5,5653,9257,1,"AGUASCALIENTES",2,1,"AGUASCALIENTES","URBANO(A)"
"351",573,1,"ags",1,12,5,733,1394,1,"AGUASCALIENTES",2,1,"AGUASCALIENTES","MIXTO(A)"
"352",574,1,"ags",1,12,7,697,1284,1,"AGUASCALIENTES",2,1,"AGUASCALIENTES","URBANO(A)"
"353",575,1,"ags",1,12,7,1024,1923,1,"AGUASCALIENTES",2,1,"AGUASCALIENTES","MIXTO(A)"
"354",576,1,"ags",1,16,5,622,1208,1,"AGUASCALIENTES",2,1,"AGUASCALIENTES","URBANO(A)"
"355",577,1,"ags",1,16,5,698,1383,1,"AGUASCALIENTES",2,1,"AGUASCALIENTES","MIXTO(A)"
"356",578,1,"ags",1,16,5,580,1157,1,"AGUASCALIENTES",2,1,"AGUASCALIENTES","URBANO(A)"
"357",579,1,"ags",1,16,5,575,1130,1,"AGUASCALIENTES",2,1,"AGUASCALIENTES","URBANO(A)"
"358",580,1,"ags",1,16,5,662,1295,1,"AGUASCALIENTES",2,1,"AGUASCALIENTES","URBANO(A)"
"359",581,1,"ags",1,16,5,643,1236,1,"AGUASCALIENTES",2,1,"AGUASCALIENTES","URBANO(A)"
"360",582,1,"ags",1,16,5,735,1481,1,"AGUASCALIENTES",2,1,"AGUASCALIENTES","URBANO(A)"
"361",583,1,"ags",1,16,5,669,1304,1,"AGUASCALIENTES",2,1,"AGUASCALIENTES","URBANO(A)"
"362",584,1,"ags",1,16,5,663,1314,1,"AGUASCALIENTES",2,1,"AGUASCALIENTES","URBANO(A)"
"363",585,1,"ags",1,16,5,674,1390,1,"AGUASCALIENTES",2,1,"AGUASCALIENTES","URBANO(A)"
"364",586,1,"ags",1,16,5,691,1373,1,"AGUASCALIENTES",2,1,"AGUASCALIENTES","URBANO(A)"
"365",587,1,"ags",1,16,5,779,1556,1,"AGUASCALIENTES",2,1,"AGUASCALIENTES","URBANO(A)"
"366",588,1,"ags",1,16,5,769,1500,1,"AGUASCALIENTES",2,1,"AGUASCALIENTES","URBANO(A)"
"367",589,1,"ags",1,16,5,6331,12193,1,"AGUASCALIENTES",2,1,"AGUASCALIENTES","MIXTO(A)"
"368",590,1,"ags",1,16,5,647,1146,1,"AGUASCALIENTES",2,1,"AGUASCALIENTES","URBANO(A)"
"369",591,1,"ags",1,16,5,491,806,1,"AGUASCALIENTES",2,1,"AGUASCALIENTES","URBANO(A)"
"370",592,1,"ags",1,14,5,518,894,1,"AGUASCALIENTES",2,1,"AGUASCALIENTES","URBANO(A)"
"371",593,1,"ags",1,14,5,429,747,1,"AGUASCALIENTES",2,1,"AGUASCALIENTES","URBANO(A)"
"372",594,NA,NA,NA,NA,NA,NA,NA,1,"AGUASCALIENTES",2,1,"AGUASCALIENTES","URBANO(A)"
"373",595,NA,NA,NA,NA,NA,NA,NA,1,"AGUASCALIENTES",2,1,"AGUASCALIENTES","URBANO(A)"
"374",596,NA,NA,NA,NA,NA,NA,NA,1,"AGUASCALIENTES",2,1,"AGUASCALIENTES","URBANO(A)"
"375",597,NA,NA,NA,NA,NA,NA,NA,1,"AGUASCALIENTES",2,1,"AGUASCALIENTES","URBANO(A)"
"376",598,NA,NA,NA,NA,NA,NA,NA,1,"AGUASCALIENTES",2,1,"AGUASCALIENTES","URBANO(A)"
"377",599,NA,NA,NA,NA,NA,NA,NA,1,"AGUASCALIENTES",2,1,"AGUASCALIENTES","URBANO(A)"
"378",600,NA,NA,NA,NA,NA,NA,NA,1,"AGUASCALIENTES",2,1,"AGUASCALIENTES","URBANO(A)"
"379",601,NA,NA,NA,NA,NA,NA,NA,1,"AGUASCALIENTES",2,1,"AGUASCALIENTES","URBANO(A)"
"380",602,NA,NA,NA,NA,NA,NA,NA,1,"AGUASCALIENTES",2,1,"AGUASCALIENTES","URBANO(A)"
"381",603,NA,NA,NA,NA,NA,NA,NA,1,"AGUASCALIENTES",2,1,"AGUASCALIENTES","URBANO(A)"
"382",604,NA,NA,NA,NA,NA,NA,NA,1,"AGUASCALIENTES",2,1,"AGUASCALIENTES","URBANO(A)"
"383",605,NA,NA,NA,NA,NA,NA,NA,1,"AGUASCALIENTES",2,1,"AGUASCALIENTES","URBANO(A)"
"384",606,NA,NA,NA,NA,NA,NA,NA,1,"AGUASCALIENTES",2,1,"AGUASCALIENTES","URBANO(A)"
"385",607,NA,NA,NA,NA,NA,NA,NA,1,"AGUASCALIENTES",2,1,"AGUASCALIENTES","URBANO(A)"
"386",1,1,"ags",1,6,11,1672,2331,1,"AGUASCALIENTES",3,1,"AGUASCALIENTES","URBANO(A)"
"387",2,1,"ags",1,6,11,770,1165,1,"AGUASCALIENTES",3,1,"AGUASCALIENTES","URBANO(A)"
"388",3,1,"ags",1,10,11,1457,1986,1,"AGUASCALIENTES",3,1,"AGUASCALIENTES","URBANO(A)"
"389",4,1,"ags",1,10,11,1249,1793,1,"AGUASCALIENTES",3,1,"AGUASCALIENTES","URBANO(A)"
"390",5,1,"ags",1,10,11,642,824,1,"AGUASCALIENTES",3,1,"AGUASCALIENTES","URBANO(A)"
"391",6,1,"ags",1,10,11,609,766,1,"AGUASCALIENTES",3,1,"AGUASCALIENTES","URBANO(A)"
"392",7,1,"ags",1,10,11,689,887,1,"AGUASCALIENTES",3,1,"AGUASCALIENTES","URBANO(A)"
"393",8,1,"ags",1,6,11,979,1274,1,"AGUASCALIENTES",3,1,"AGUASCALIENTES","URBANO(A)"
"394",9,1,"ags",1,6,11,1025,1295,1,"AGUASCALIENTES",3,1,"AGUASCALIENTES","URBANO(A)"
"395",10,1,"ags",1,6,11,965,1277,1,"AGUASCALIENTES",3,1,"AGUASCALIENTES","URBANO(A)"
"396",11,1,"ags",1,10,11,1034,1454,1,"AGUASCALIENTES",3,1,"AGUASCALIENTES","URBANO(A)"
"397",12,1,"ags",1,10,11,767,919,1,"AGUASCALIENTES",3,1,"AGUASCALIENTES","URBANO(A)"
"398",13,1,"ags",1,10,11,725,917,1,"AGUASCALIENTES",3,1,"AGUASCALIENTES","URBANO(A)"
"399",14,1,"ags",1,10,11,847,1084,1,"AGUASCALIENTES",3,1,"AGUASCALIENTES","URBANO(A)"
"400",15,1,"ags",1,10,11,815,1196,1,"AGUASCALIENTES",3,1,"AGUASCALIENTES","URBANO(A)"
"401",16,1,"ags",1,6,11,674,992,1,"AGUASCALIENTES",3,1,"AGUASCALIENTES","URBANO(A)"
"402",17,1,"ags",1,6,11,846,1194,1,"AGUASCALIENTES",3,1,"AGUASCALIENTES","URBANO(A)"
"403",18,1,"ags",1,10,11,876,1194,1,"AGUASCALIENTES",3,1,"AGUASCALIENTES","URBANO(A)"
"404",19,1,"ags",1,10,13,871,1189,1,"AGUASCALIENTES",3,1,"AGUASCALIENTES","URBANO(A)"
"405",20,1,"ags",1,10,13,919,1192,1,"AGUASCALIENTES",3,1,"AGUASCALIENTES","URBANO(A)"
"406",21,1,"ags",1,6,13,1044,1496,1,"AGUASCALIENTES",3,1,"AGUASCALIENTES","URBANO(A)"
"407",22,1,"ags",1,6,13,554,808,1,"AGUASCALIENTES",3,1,"AGUASCALIENTES","URBANO(A)"
"408",23,1,"ags",1,6,13,787,1157,1,"AGUASCALIENTES",3,1,"AGUASCALIENTES","URBANO(A)"
"409",24,1,"ags",1,6,13,495,739,1,"AGUASCALIENTES",3,1,"AGUASCALIENTES","URBANO(A)"
"410",25,1,"ags",1,6,13,756,1050,1,"AGUASCALIENTES",3,1,"AGUASCALIENTES","URBANO(A)"
"411",26,1,"ags",1,6,13,976,1324,1,"AGUASCALIENTES",3,1,"AGUASCALIENTES","URBANO(A)"
"412",27,1,"ags",1,6,13,463,634,1,"AGUASCALIENTES",3,1,"AGUASCALIENTES","URBANO(A)"
"413",28,1,"ags",1,11,12,357,465,1,"AGUASCALIENTES",3,1,"AGUASCALIENTES","URBANO(A)"
"414",29,1,"ags",1,11,12,769,1048,1,"AGUASCALIENTES",3,1,"AGUASCALIENTES","URBANO(A)"
"415",30,1,"ags",1,6,13,574,810,1,"AGUASCALIENTES",3,1,"AGUASCALIENTES","URBANO(A)"
"416",31,1,"ags",1,10,13,768,1170,1,"AGUASCALIENTES",3,1,"AGUASCALIENTES","URBANO(A)"
"417",32,1,"ags",1,10,13,987,1498,1,"AGUASCALIENTES",3,1,"AGUASCALIENTES","URBANO(A)"
"418",33,1,"ags",1,6,13,720,1036,1,"AGUASCALIENTES",3,1,"AGUASCALIENTES","URBANO(A)"
"419",34,1,"ags",1,10,13,624,967,1,"AGUASCALIENTES",3,1,"AGUASCALIENTES","URBANO(A)"
"420",35,1,"ags",1,10,13,1795,2719,1,"AGUASCALIENTES",3,1,"AGUASCALIENTES","URBANO(A)"
"421",36,1,"ags",1,10,13,771,1016,1,"AGUASCALIENTES",3,1,"AGUASCALIENTES","URBANO(A)"
"422",37,1,"ags",1,10,13,946,1250,1,"AGUASCALIENTES",3,1,"AGUASCALIENTES","URBANO(A)"
"423",38,1,"ags",1,10,13,1114,1499,1,"AGUASCALIENTES",3,1,"AGUASCALIENTES","URBANO(A)"
"424",39,1,"ags",1,10,13,700,969,1,"AGUASCALIENTES",3,1,"AGUASCALIENTES","URBANO(A)"
"425",40,1,"ags",1,10,10,1106,1473,1,"AGUASCALIENTES",3,1,"AGUASCALIENTES","URBANO(A)"
"426",41,1,"ags",1,6,11,2940,4718,1,"AGUASCALIENTES",3,1,"AGUASCALIENTES","URBANO(A)"
"427",44,1,"ags",1,6,11,3711,5206,1,"AGUASCALIENTES",3,1,"AGUASCALIENTES","URBANO(A)"
"428",45,1,"ags",1,6,11,1472,1848,1,"AGUASCALIENTES",3,1,"AGUASCALIENTES","URBANO(A)"
"429",46,1,"ags",1,6,11,1609,2197,1,"AGUASCALIENTES",3,1,"AGUASCALIENTES","URBANO(A)"
"430",47,1,"ags",1,6,11,3029,4267,1,"AGUASCALIENTES",3,1,"AGUASCALIENTES","URBANO(A)"
"431",48,1,"ags",1,6,11,1664,2384,1,"AGUASCALIENTES",3,1,"AGUASCALIENTES","URBANO(A)"
"432",49,1,"ags",1,6,11,1211,1776,1,"AGUASCALIENTES",3,1,"AGUASCALIENTES","URBANO(A)"
"433",50,1,"ags",1,6,11,1309,1885,1,"AGUASCALIENTES",3,1,"AGUASCALIENTES","URBANO(A)"
"434",51,1,"ags",1,6,11,900,1243,1,"AGUASCALIENTES",3,1,"AGUASCALIENTES","URBANO(A)"
"435",52,1,"ags",1,6,11,965,1334,1,"AGUASCALIENTES",3,1,"AGUASCALIENTES","URBANO(A)"
"436",53,1,"ags",1,6,11,1293,1704,1,"AGUASCALIENTES",3,1,"AGUASCALIENTES","URBANO(A)"
"437",54,1,"ags",1,6,11,888,1278,1,"AGUASCALIENTES",3,1,"AGUASCALIENTES","URBANO(A)"
"438",55,1,"ags",1,6,11,876,1197,1,"AGUASCALIENTES",3,1,"AGUASCALIENTES","URBANO(A)"
"439",56,1,"ags",1,11,11,821,1097,1,"AGUASCALIENTES",3,1,"AGUASCALIENTES","URBANO(A)"
"440",59,1,"ags",1,11,12,574,796,1,"AGUASCALIENTES",3,1,"AGUASCALIENTES","URBANO(A)"
"441",60,1,"ags",1,6,12,876,1216,1,"AGUASCALIENTES",3,1,"AGUASCALIENTES","URBANO(A)"
"442",61,1,"ags",1,11,12,661,933,1,"AGUASCALIENTES",3,1,"AGUASCALIENTES","URBANO(A)"
"443",62,1,"ags",1,11,12,564,816,1,"AGUASCALIENTES",3,1,"AGUASCALIENTES","URBANO(A)"
"444",161,1,"ags",1,11,6,4425,6468,1,"AGUASCALIENTES",3,1,"AGUASCALIENTES","URBANO(A)"
"445",162,1,"ags",1,11,6,767,1099,1,"AGUASCALIENTES",3,1,"AGUASCALIENTES","URBANO(A)"
"446",163,1,"ags",1,11,6,591,850,1,"AGUASCALIENTES",3,1,"AGUASCALIENTES","URBANO(A)"
"447",171,1,"ags",1,6,10,617,831,1,"AGUASCALIENTES",3,1,"AGUASCALIENTES","URBANO(A)"
"448",172,1,"ags",1,6,10,609,833,1,"AGUASCALIENTES",3,1,"AGUASCALIENTES","URBANO(A)"
"449",173,1,"ags",1,6,10,398,524,1,"AGUASCALIENTES",3,1,"AGUASCALIENTES","URBANO(A)"
"450",174,1,"ags",1,6,10,914,1150,1,"AGUASCALIENTES",3,1,"AGUASCALIENTES","URBANO(A)"
"451",175,1,"ags",1,6,10,765,955,1,"AGUASCALIENTES",3,1,"AGUASCALIENTES","URBANO(A)"
"452",176,1,"ags",1,17,10,384,499,1,"AGUASCALIENTES",3,1,"AGUASCALIENTES","URBANO(A)"
"453",177,1,"ags",1,6,10,635,789,1,"AGUASCALIENTES",3,1,"AGUASCALIENTES","URBANO(A)"
"454",178,1,"ags",1,6,10,563,711,1,"AGUASCALIENTES",3,1,"AGUASCALIENTES","URBANO(A)"
"455",179,1,"ags",1,11,10,670,840,1,"AGUASCALIENTES",3,1,"AGUASCALIENTES","URBANO(A)"
"456",180,1,"ags",1,11,12,407,520,1,"AGUASCALIENTES",3,1,"AGUASCALIENTES","URBANO(A)"
"457",181,1,"ags",1,11,12,524,705,1,"AGUASCALIENTES",3,1,"AGUASCALIENTES","URBANO(A)"
"458",182,1,"ags",1,11,12,535,689,1,"AGUASCALIENTES",3,1,"AGUASCALIENTES","URBANO(A)"
"459",183,1,"ags",1,11,12,343,431,1,"AGUASCALIENTES",3,1,"AGUASCALIENTES","URBANO(A)"
"460",184,1,"ags",1,11,12,688,927,1,"AGUASCALIENTES",3,1,"AGUASCALIENTES","URBANO(A)"
"461",187,1,"ags",1,11,12,564,779,1,"AGUASCALIENTES",3,1,"AGUASCALIENTES","URBANO(A)"
"462",188,1,"ags",1,11,12,952,1233,1,"AGUASCALIENTES",3,1,"AGUASCALIENTES","URBANO(A)"
"463",189,1,"ags",1,11,12,949,1299,1,"AGUASCALIENTES",3,1,"AGUASCALIENTES","URBANO(A)"
"464",190,1,"ags",1,11,12,1337,1792,1,"AGUASCALIENTES",3,1,"AGUASCALIENTES","URBANO(A)"
"465",191,1,"ags",1,11,12,552,755,1,"AGUASCALIENTES",3,1,"AGUASCALIENTES","URBANO(A)"
"466",192,1,"ags",1,11,12,843,1221,1,"AGUASCALIENTES",3,1,"AGUASCALIENTES","URBANO(A)"
"467",193,1,"ags",1,11,12,732,1060,1,"AGUASCALIENTES",3,1,"AGUASCALIENTES","URBANO(A)"
"468",194,1,"ags",1,11,12,1440,1984,1,"AGUASCALIENTES",3,1,"AGUASCALIENTES","URBANO(A)"
"469",195,1,"ags",1,11,12,820,1081,1,"AGUASCALIENTES",3,1,"AGUASCALIENTES","URBANO(A)"
"470",196,1,"ags",1,11,12,527,685,1,"AGUASCALIENTES",3,1,"AGUASCALIENTES","URBANO(A)"
"471",197,1,"ags",1,11,12,563,726,1,"AGUASCALIENTES",3,1,"AGUASCALIENTES","URBANO(A)"
"472",198,1,"ags",1,17,10,528,731,1,"AGUASCALIENTES",3,1,"AGUASCALIENTES","URBANO(A)"
"473",199,1,"ags",1,17,10,477,680,1,"AGUASCALIENTES",3,1,"AGUASCALIENTES","URBANO(A)"
"474",200,1,"ags",1,11,12,824,1091,1,"AGUASCALIENTES",3,1,"AGUASCALIENTES","URBANO(A)"
"475",201,1,"ags",1,11,12,695,910,1,"AGUASCALIENTES",3,1,"AGUASCALIENTES","URBANO(A)"
"476",202,1,"ags",1,11,12,676,1080,1,"AGUASCALIENTES",3,1,"AGUASCALIENTES","URBANO(A)"
"477",203,1,"ags",1,11,12,611,882,1,"AGUASCALIENTES",3,1,"AGUASCALIENTES","URBANO(A)"
"478",204,1,"ags",1,11,12,964,1405,1,"AGUASCALIENTES",3,1,"AGUASCALIENTES","URBANO(A)"
"479",205,1,"ags",1,11,12,818,1175,1,"AGUASCALIENTES",3,1,"AGUASCALIENTES","URBANO(A)"
"480",206,1,"ags",1,11,12,477,754,1,"AGUASCALIENTES",3,1,"AGUASCALIENTES","URBANO(A)"
"481",207,1,"ags",1,11,12,952,1363,1,"AGUASCALIENTES",3,1,"AGUASCALIENTES","URBANO(A)"
"482",208,1,"ags",1,11,12,1094,1418,1,"AGUASCALIENTES",3,1,"AGUASCALIENTES","URBANO(A)"
"483",209,1,"ags",1,11,12,887,1122,1,"AGUASCALIENTES",3,1,"AGUASCALIENTES","URBANO(A)"
"484",210,1,"ags",1,11,12,967,1219,1,"AGUASCALIENTES",3,1,"AGUASCALIENTES","URBANO(A)"
"485",211,1,"ags",1,11,12,487,700,1,"AGUASCALIENTES",3,1,"AGUASCALIENTES","URBANO(A)"
"486",212,1,"ags",1,11,12,548,804,1,"AGUASCALIENTES",3,1,"AGUASCALIENTES","URBANO(A)"
"487",213,1,"ags",1,11,12,624,921,1,"AGUASCALIENTES",3,1,"AGUASCALIENTES","URBANO(A)"
"488",214,1,"ags",1,17,10,817,1013,1,"AGUASCALIENTES",3,1,"AGUASCALIENTES","URBANO(A)"
"489",215,1,"ags",1,17,10,868,1137,1,"AGUASCALIENTES",3,1,"AGUASCALIENTES","URBANO(A)"
"490",216,1,"ags",1,17,10,730,928,1,"AGUASCALIENTES",3,1,"AGUASCALIENTES","URBANO(A)"
"491",217,1,"ags",1,17,10,749,968,1,"AGUASCALIENTES",3,1,"AGUASCALIENTES","URBANO(A)"
"492",218,1,"ags",1,17,10,1284,1757,1,"AGUASCALIENTES",3,1,"AGUASCALIENTES","URBANO(A)"
"493",219,1,"ags",1,17,10,625,799,1,"AGUASCALIENTES",3,1,"AGUASCALIENTES","URBANO(A)"
"494",220,1,"ags",1,17,10,1094,1416,1,"AGUASCALIENTES",3,1,"AGUASCALIENTES","URBANO(A)"
"495",221,1,"ags",1,17,10,897,1144,1,"AGUASCALIENTES",3,1,"AGUASCALIENTES","URBANO(A)"
"496",222,1,"ags",1,17,10,1209,1630,1,"AGUASCALIENTES",3,1,"AGUASCALIENTES","URBANO(A)"
"497",223,1,"ags",1,17,10,619,878,1,"AGUASCALIENTES",3,1,"AGUASCALIENTES","URBANO(A)"
"498",224,1,"ags",1,17,10,984,1282,1,"AGUASCALIENTES",3,1,"AGUASCALIENTES","URBANO(A)"
"499",225,1,"ags",1,17,10,868,1142,1,"AGUASCALIENTES",3,1,"AGUASCALIENTES","URBANO(A)"
"500",226,1,"ags",1,17,10,794,1054,1,"AGUASCALIENTES",3,1,"AGUASCALIENTES","URBANO(A)"
"501",227,1,"ags",1,17,10,629,955,1,"AGUASCALIENTES",3,1,"AGUASCALIENTES","URBANO(A)"
"502",228,1,"ags",1,17,10,641,965,1,"AGUASCALIENTES",3,1,"AGUASCALIENTES","URBANO(A)"
"503",229,1,"ags",1,17,10,677,928,1,"AGUASCALIENTES",3,1,"AGUASCALIENTES","URBANO(A)"
"504",230,1,"ags",1,17,10,1127,1507,1,"AGUASCALIENTES",3,1,"AGUASCALIENTES","URBANO(A)"
"505",231,1,"ags",1,17,10,1158,1652,1,"AGUASCALIENTES",3,1,"AGUASCALIENTES","URBANO(A)"
"506",232,1,"ags",1,9,10,622,959,1,"AGUASCALIENTES",3,1,"AGUASCALIENTES","URBANO(A)"
"507",233,1,"ags",1,17,10,704,1111,1,"AGUASCALIENTES",3,1,"AGUASCALIENTES","URBANO(A)"
"508",234,1,"ags",1,17,10,625,1005,1,"AGUASCALIENTES",3,1,"AGUASCALIENTES","URBANO(A)"
"509",235,1,"ags",1,17,10,510,818,1,"AGUASCALIENTES",3,1,"AGUASCALIENTES","URBANO(A)"
"510",236,1,"ags",1,17,10,920,1468,1,"AGUASCALIENTES",3,1,"AGUASCALIENTES","URBANO(A)"
"511",237,1,"ags",1,17,10,639,1052,1,"AGUASCALIENTES",3,1,"AGUASCALIENTES","URBANO(A)"
"512",238,1,"ags",1,17,10,653,1012,1,"AGUASCALIENTES",3,1,"AGUASCALIENTES","URBANO(A)"
"513",239,1,"ags",1,17,10,649,1034,1,"AGUASCALIENTES",3,1,"AGUASCALIENTES","URBANO(A)"
"514",240,1,"ags",1,17,10,579,920,1,"AGUASCALIENTES",3,1,"AGUASCALIENTES","URBANO(A)"
"515",241,1,"ags",1,17,10,578,874,1,"AGUASCALIENTES",3,1,"AGUASCALIENTES","URBANO(A)"
"516",242,1,"ags",1,17,10,503,765,1,"AGUASCALIENTES",3,1,"AGUASCALIENTES","URBANO(A)"
"517",243,1,"ags",1,17,10,1063,1546,1,"AGUASCALIENTES",3,1,"AGUASCALIENTES","URBANO(A)"
"518",244,1,"ags",1,17,10,994,1574,1,"AGUASCALIENTES",3,1,"AGUASCALIENTES","URBANO(A)"
"519",245,1,"ags",1,17,10,725,1125,1,"AGUASCALIENTES",3,1,"AGUASCALIENTES","URBANO(A)"
"520",246,1,"ags",1,17,14,803,1295,1,"AGUASCALIENTES",3,1,"AGUASCALIENTES","URBANO(A)"
"521",247,1,"ags",1,17,14,764,1229,1,"AGUASCALIENTES",3,1,"AGUASCALIENTES","URBANO(A)"
"522",248,1,"ags",1,17,14,648,1058,1,"AGUASCALIENTES",3,1,"AGUASCALIENTES","URBANO(A)"
"523",249,1,"ags",1,17,14,963,1527,1,"AGUASCALIENTES",3,1,"AGUASCALIENTES","URBANO(A)"
"524",250,1,"ags",1,9,14,691,1073,1,"AGUASCALIENTES",3,1,"AGUASCALIENTES","URBANO(A)"
"525",251,1,"ags",1,9,14,851,1450,1,"AGUASCALIENTES",3,1,"AGUASCALIENTES","URBANO(A)"
"526",252,1,"ags",1,9,14,832,1386,1,"AGUASCALIENTES",3,1,"AGUASCALIENTES","URBANO(A)"
"527",253,1,"ags",1,9,14,717,1188,1,"AGUASCALIENTES",3,1,"AGUASCALIENTES","URBANO(A)"
"528",254,1,"ags",1,9,14,642,1022,1,"AGUASCALIENTES",3,1,"AGUASCALIENTES","URBANO(A)"
"529",255,1,"ags",1,9,14,663,1095,1,"AGUASCALIENTES",3,1,"AGUASCALIENTES","URBANO(A)"
"530",256,1,"ags",1,9,14,791,1331,1,"AGUASCALIENTES",3,1,"AGUASCALIENTES","URBANO(A)"
"531",257,1,"ags",1,9,14,2906,5002,1,"AGUASCALIENTES",3,1,"AGUASCALIENTES","URBANO(A)"
"532",258,1,"ags",1,17,14,1081,1665,1,"AGUASCALIENTES",3,1,"AGUASCALIENTES","URBANO(A)"
"533",259,1,"ags",1,17,6,404,578,1,"AGUASCALIENTES",3,1,"AGUASCALIENTES","URBANO(A)"
"534",260,1,"ags",1,17,6,1626,2473,1,"AGUASCALIENTES",3,1,"AGUASCALIENTES","URBANO(A)"
"535",261,1,"ags",1,17,14,863,1356,1,"AGUASCALIENTES",3,1,"AGUASCALIENTES","URBANO(A)"
"536",262,1,"ags",1,17,14,520,824,1,"AGUASCALIENTES",3,1,"AGUASCALIENTES","URBANO(A)"
"537",263,1,"ags",1,17,14,618,958,1,"AGUASCALIENTES",3,1,"AGUASCALIENTES","URBANO(A)"
"538",264,1,"ags",1,9,14,740,1141,1,"AGUASCALIENTES",3,1,"AGUASCALIENTES","URBANO(A)"
"539",265,1,"ags",1,9,14,741,1113,1,"AGUASCALIENTES",3,1,"AGUASCALIENTES","URBANO(A)"
"540",266,1,"ags",1,9,14,583,865,1,"AGUASCALIENTES",3,1,"AGUASCALIENTES","URBANO(A)"
"541",267,1,"ags",1,9,14,1043,1636,1,"AGUASCALIENTES",3,1,"AGUASCALIENTES","URBANO(A)"
"542",268,1,"ags",1,9,14,573,930,1,"AGUASCALIENTES",3,1,"AGUASCALIENTES","URBANO(A)"
"543",269,1,"ags",1,9,14,616,930,1,"AGUASCALIENTES",3,1,"AGUASCALIENTES","URBANO(A)"
"544",270,1,"ags",1,9,14,5311,9002,1,"AGUASCALIENTES",3,1,"AGUASCALIENTES","URBANO(A)"
"545",271,1,"ags",1,10,13,714,1090,1,"AGUASCALIENTES",3,1,"AGUASCALIENTES","URBANO(A)"
"546",272,1,"ags",1,10,13,674,963,1,"AGUASCALIENTES",3,1,"AGUASCALIENTES","URBANO(A)"
"547",273,1,"ags",1,10,13,638,865,1,"AGUASCALIENTES",3,1,"AGUASCALIENTES","URBANO(A)"
"548",274,1,"ags",1,10,10,571,773,1,"AGUASCALIENTES",3,1,"AGUASCALIENTES","URBANO(A)"
"549",275,1,"ags",1,10,10,706,929,1,"AGUASCALIENTES",3,1,"AGUASCALIENTES","URBANO(A)"
"550",276,1,"ags",1,10,10,885,1142,1,"AGUASCALIENTES",3,1,"AGUASCALIENTES","URBANO(A)"
"551",277,1,"ags",1,17,10,675,891,1,"AGUASCALIENTES",3,1,"AGUASCALIENTES","URBANO(A)"
"552",278,1,"ags",1,10,10,601,781,1,"AGUASCALIENTES",3,1,"AGUASCALIENTES","URBANO(A)"
"553",279,1,"ags",1,10,13,583,686,1,"AGUASCALIENTES",3,1,"AGUASCALIENTES","URBANO(A)"
"554",280,1,"ags",1,10,13,527,711,1,"AGUASCALIENTES",3,1,"AGUASCALIENTES","URBANO(A)"
"555",281,1,"ags",1,10,13,611,795,1,"AGUASCALIENTES",3,1,"AGUASCALIENTES","URBANO(A)"
"556",282,1,"ags",1,10,13,752,1233,1,"AGUASCALIENTES",3,1,"AGUASCALIENTES","URBANO(A)"
"557",283,1,"ags",1,10,13,582,758,1,"AGUASCALIENTES",3,1,"AGUASCALIENTES","URBANO(A)"
"558",284,1,"ags",1,10,13,945,1349,1,"AGUASCALIENTES",3,1,"AGUASCALIENTES","URBANO(A)"
"559",285,1,"ags",1,17,10,502,691,1,"AGUASCALIENTES",3,1,"AGUASCALIENTES","URBANO(A)"
"560",286,1,"ags",1,17,10,515,702,1,"AGUASCALIENTES",3,1,"AGUASCALIENTES","URBANO(A)"
"561",287,1,"ags",1,17,10,473,593,1,"AGUASCALIENTES",3,1,"AGUASCALIENTES","URBANO(A)"
"562",288,1,"ags",1,17,10,671,913,1,"AGUASCALIENTES",3,1,"AGUASCALIENTES","URBANO(A)"
"563",289,1,"ags",1,17,10,615,906,1,"AGUASCALIENTES",3,1,"AGUASCALIENTES","URBANO(A)"
"564",290,1,"ags",1,17,10,536,701,1,"AGUASCALIENTES",3,1,"AGUASCALIENTES","URBANO(A)"
"565",291,1,"ags",1,17,10,999,1398,1,"AGUASCALIENTES",3,1,"AGUASCALIENTES","URBANO(A)"
"566",292,1,"ags",1,17,10,885,1329,1,"AGUASCALIENTES",3,1,"AGUASCALIENTES","URBANO(A)"
"567",293,1,"ags",1,10,13,871,1282,1,"AGUASCALIENTES",3,1,"AGUASCALIENTES","URBANO(A)"
"568",294,1,"ags",1,17,10,785,1160,1,"AGUASCALIENTES",3,1,"AGUASCALIENTES","URBANO(A)"
"569",295,1,"ags",1,17,10,989,1390,1,"AGUASCALIENTES",3,1,"AGUASCALIENTES","URBANO(A)"
"570",296,1,"ags",1,17,10,837,1133,1,"AGUASCALIENTES",3,1,"AGUASCALIENTES","URBANO(A)"
"571",297,1,"ags",1,17,10,719,1016,1,"AGUASCALIENTES",3,1,"AGUASCALIENTES","URBANO(A)"
"572",298,1,"ags",1,17,10,1031,1441,1,"AGUASCALIENTES",3,1,"AGUASCALIENTES","URBANO(A)"
"573",299,1,"ags",1,17,10,941,1434,1,"AGUASCALIENTES",3,1,"AGUASCALIENTES","URBANO(A)"
"574",300,1,"ags",1,9,13,936,1339,1,"AGUASCALIENTES",3,1,"AGUASCALIENTES","URBANO(A)"
"575",301,1,"ags",1,10,13,3150,4746,1,"AGUASCALIENTES",3,1,"AGUASCALIENTES","URBANO(A)"
"576",302,1,"ags",1,10,13,1178,1769,1,"AGUASCALIENTES",3,1,"AGUASCALIENTES","URBANO(A)"
"577",303,1,"ags",1,10,13,870,1339,1,"AGUASCALIENTES",3,1,"AGUASCALIENTES","URBANO(A)"
"578",304,1,"ags",1,9,13,915,1403,1,"AGUASCALIENTES",3,1,"AGUASCALIENTES","URBANO(A)"
"579",305,1,"ags",1,9,13,980,1456,1,"AGUASCALIENTES",3,1,"AGUASCALIENTES","URBANO(A)"
"580",306,1,"ags",1,9,13,914,1337,1,"AGUASCALIENTES",3,1,"AGUASCALIENTES","URBANO(A)"
"581",307,1,"ags",1,9,13,1033,1452,1,"AGUASCALIENTES",3,1,"AGUASCALIENTES","URBANO(A)"
"582",308,1,"ags",1,9,13,798,1088,1,"AGUASCALIENTES",3,1,"AGUASCALIENTES","URBANO(A)"
"583",309,1,"ags",1,9,13,912,1245,1,"AGUASCALIENTES",3,1,"AGUASCALIENTES","URBANO(A)"
"584",310,1,"ags",1,9,14,970,1357,1,"AGUASCALIENTES",3,1,"AGUASCALIENTES","URBANO(A)"
"585",311,1,"ags",1,9,14,910,1275,1,"AGUASCALIENTES",3,1,"AGUASCALIENTES","URBANO(A)"
"586",312,1,"ags",1,9,14,1007,1386,1,"AGUASCALIENTES",3,1,"AGUASCALIENTES","URBANO(A)"
"587",313,1,"ags",1,9,14,1092,1683,1,"AGUASCALIENTES",3,1,"AGUASCALIENTES","URBANO(A)"
"588",314,1,"ags",1,9,14,973,1531,1,"AGUASCALIENTES",3,1,"AGUASCALIENTES","URBANO(A)"
"589",320,1,"ags",1,6,11,3072,5227,1,"AGUASCALIENTES",3,1,"AGUASCALIENTES","MIXTO(A)"
"590",321,1,"ags",1,10,13,1061,1823,1,"AGUASCALIENTES",3,1,"AGUASCALIENTES","RURAL"
"591",322,1,"ags",1,10,13,4464,7611,1,"AGUASCALIENTES",3,1,"AGUASCALIENTES","MIXTO(A)"
"592",326,1,"ags",1,9,14,2707,4300,1,"AGUASCALIENTES",3,1,"AGUASCALIENTES","MIXTO(A)"
"593",327,1,"ags",1,10,13,3084,5070,1,"AGUASCALIENTES",3,1,"AGUASCALIENTES","MIXTO(A)"
"594",328,1,"ags",1,10,13,2222,3112,1,"AGUASCALIENTES",3,1,"AGUASCALIENTES","RURAL"
"595",329,1,"ags",1,9,14,727,1159,1,"AGUASCALIENTES",3,1,"AGUASCALIENTES","RURAL"
"596",330,1,"ags",1,9,14,1982,3400,1,"AGUASCALIENTES",3,1,"AGUASCALIENTES","RURAL"
"597",331,1,"ags",1,9,14,1430,2587,1,"AGUASCALIENTES",3,1,"AGUASCALIENTES","RURAL"
"598",333,1,"ags",1,9,14,1645,2798,1,"AGUASCALIENTES",3,1,"AGUASCALIENTES","RURAL"
"599",334,1,"ags",1,9,14,1383,2404,1,"AGUASCALIENTES",3,1,"AGUASCALIENTES","MIXTO(A)"
"600",335,1,"ags",1,9,14,570,920,1,"AGUASCALIENTES",3,1,"AGUASCALIENTES","RURAL"
"601",336,1,"ags",1,9,14,930,1494,1,"AGUASCALIENTES",3,1,"AGUASCALIENTES","RURAL"
"602",337,1,"ags",1,9,14,796,1310,1,"AGUASCALIENTES",3,1,"AGUASCALIENTES","RURAL"
