"","SECCION","munn","edo","edon","disloc2005","disloc2017","P_18y+","P_Total","ENTIDAD","NOMBRE ENTIDAD","DISTRITO","MUNICIPIO","NOMBRE MUNICIPIO","TIPO"
"1",1,1,"nay",18,18,1,495,767,18,"NAYARIT",1,1,"ACAPONETA","URBANO(A)"
"2",2,1,"nay",18,18,1,776,1400,18,"NAYARIT",1,1,"ACAPONETA","MIXTO(A)"
"3",3,1,"nay",18,18,1,1841,3246,18,"NAYARIT",1,1,"ACAPONETA","URBANO(A)"
"4",4,1,"nay",18,18,1,579,921,18,"NAYARIT",1,1,"ACAPONETA","URBANO(A)"
"5",5,1,"nay",18,18,1,821,1330,18,"NAYARIT",1,1,"ACAPONETA","URBANO(A)"
"6",6,1,"nay",18,18,1,410,599,18,"NAYARIT",1,1,"ACAPONETA","URBANO(A)"
"7",7,1,"nay",18,18,1,502,695,18,"NAYARIT",1,1,"ACAPONETA","URBANO(A)"
"8",8,1,"nay",18,18,1,737,1084,18,"NAYARIT",1,1,"ACAPONETA","URBANO(A)"
"9",9,1,"nay",18,18,1,1326,2172,18,"NAYARIT",1,1,"ACAPONETA","URBANO(A)"
"10",10,1,"nay",18,18,1,887,1337,18,"NAYARIT",1,1,"ACAPONETA","URBANO(A)"
"11",11,1,"nay",18,18,1,262,360,18,"NAYARIT",1,1,"ACAPONETA","URBANO(A)"
"12",12,1,"nay",18,18,1,542,736,18,"NAYARIT",1,1,"ACAPONETA","URBANO(A)"
"13",13,1,"nay",18,18,1,515,725,18,"NAYARIT",1,1,"ACAPONETA","URBANO(A)"
"14",14,1,"nay",18,18,1,204,278,18,"NAYARIT",1,1,"ACAPONETA","URBANO(A)"
"15",15,1,"nay",18,18,1,368,520,18,"NAYARIT",1,1,"ACAPONETA","URBANO(A)"
"16",16,1,"nay",18,18,1,861,1389,18,"NAYARIT",1,1,"ACAPONETA","URBANO(A)"
"17",17,1,"nay",18,18,1,703,1112,18,"NAYARIT",1,1,"ACAPONETA","URBANO(A)"
"18",18,1,"nay",18,18,1,781,1243,18,"NAYARIT",1,1,"ACAPONETA","URBANO(A)"
"19",19,1,"nay",18,18,1,116,188,18,"NAYARIT",1,1,"ACAPONETA","RURAL"
"20",20,1,"nay",18,18,1,236,392,18,"NAYARIT",1,1,"ACAPONETA","RURAL"
"21",21,1,"nay",18,18,1,378,531,18,"NAYARIT",1,1,"ACAPONETA","RURAL"
"22",22,1,"nay",18,18,1,178,302,18,"NAYARIT",1,1,"ACAPONETA","RURAL"
"23",23,1,"nay",18,18,1,559,824,18,"NAYARIT",1,1,"ACAPONETA","RURAL"
"24",24,1,"nay",18,18,1,758,1155,18,"NAYARIT",1,1,"ACAPONETA","RURAL"
"25",25,1,"nay",18,18,1,98,161,18,"NAYARIT",1,1,"ACAPONETA","RURAL"
"26",26,1,"nay",18,18,1,197,337,18,"NAYARIT",1,1,"ACAPONETA","RURAL"
"27",27,1,"nay",18,18,1,342,671,18,"NAYARIT",1,1,"ACAPONETA","RURAL"
"28",28,1,"nay",18,18,1,276,482,18,"NAYARIT",1,1,"ACAPONETA","RURAL"
"29",29,1,"nay",18,18,1,138,197,18,"NAYARIT",1,1,"ACAPONETA","RURAL"
"30",30,1,"nay",18,18,1,192,289,18,"NAYARIT",1,1,"ACAPONETA","RURAL"
"31",31,1,"nay",18,18,1,226,300,18,"NAYARIT",1,1,"ACAPONETA","RURAL"
"32",32,1,"nay",18,18,1,289,422,18,"NAYARIT",1,1,"ACAPONETA","RURAL"
"33",33,1,"nay",18,18,1,678,1062,18,"NAYARIT",1,1,"ACAPONETA","RURAL"
"34",34,1,"nay",18,18,1,274,481,18,"NAYARIT",1,1,"ACAPONETA","RURAL"
"35",35,1,"nay",18,18,1,103,159,18,"NAYARIT",1,1,"ACAPONETA","RURAL"
"36",36,1,"nay",18,18,1,665,993,18,"NAYARIT",1,1,"ACAPONETA","RURAL"
"37",37,1,"nay",18,18,1,238,358,18,"NAYARIT",1,1,"ACAPONETA","RURAL"
"38",38,1,"nay",18,18,1,826,1248,18,"NAYARIT",1,1,"ACAPONETA","URBANO(A)"
"39",39,1,"nay",18,18,1,694,1029,18,"NAYARIT",1,1,"ACAPONETA","URBANO(A)"
"40",40,1,"nay",18,18,1,623,903,18,"NAYARIT",1,1,"ACAPONETA","RURAL"
"41",41,1,"nay",18,18,1,281,406,18,"NAYARIT",1,1,"ACAPONETA","RURAL"
"42",42,1,"nay",18,18,1,206,293,18,"NAYARIT",1,1,"ACAPONETA","RURAL"
"43",43,1,"nay",18,18,1,502,758,18,"NAYARIT",1,1,"ACAPONETA","RURAL"
"44",44,1,"nay",18,18,1,136,235,18,"NAYARIT",1,1,"ACAPONETA","RURAL"
"45",45,1,"nay",18,18,1,183,286,18,"NAYARIT",1,1,"ACAPONETA","RURAL"
"46",46,1,"nay",18,18,1,707,1040,18,"NAYARIT",1,1,"ACAPONETA","RURAL"
"47",47,1,"nay",18,18,1,499,720,18,"NAYARIT",1,1,"ACAPONETA","RURAL"
"48",48,1,"nay",18,18,1,208,399,18,"NAYARIT",1,1,"ACAPONETA","RURAL"
"49",196,6,"nay",18,18,1,974,1709,18,"NAYARIT",1,6,"HUAJICORI","MIXTO(A)"
"50",197,6,"nay",18,18,1,1120,1880,18,"NAYARIT",1,6,"HUAJICORI","MIXTO(A)"
"51",198,6,"nay",18,18,1,277,528,18,"NAYARIT",1,6,"HUAJICORI","RURAL"
"52",199,6,"nay",18,18,1,194,377,18,"NAYARIT",1,6,"HUAJICORI","RURAL"
"53",200,6,"nay",18,18,1,234,492,18,"NAYARIT",1,6,"HUAJICORI","RURAL"
"54",201,6,"nay",18,18,1,200,453,18,"NAYARIT",1,6,"HUAJICORI","RURAL"
"55",202,6,"nay",18,18,1,615,1213,18,"NAYARIT",1,6,"HUAJICORI","RURAL"
"56",203,6,"nay",18,18,1,497,952,18,"NAYARIT",1,6,"HUAJICORI","RURAL"
"57",204,6,"nay",18,18,1,142,255,18,"NAYARIT",1,6,"HUAJICORI","RURAL"
"58",205,6,"nay",18,18,1,184,344,18,"NAYARIT",1,6,"HUAJICORI","RURAL"
"59",206,6,"nay",18,18,1,206,407,18,"NAYARIT",1,6,"HUAJICORI","RURAL"
"60",207,6,"nay",18,18,1,133,204,18,"NAYARIT",1,6,"HUAJICORI","RURAL"
"61",208,6,"nay",18,18,1,360,640,18,"NAYARIT",1,6,"HUAJICORI","RURAL"
"62",209,6,"nay",18,18,1,191,417,18,"NAYARIT",1,6,"HUAJICORI","RURAL"
"63",210,6,"nay",18,18,1,215,391,18,"NAYARIT",1,6,"HUAJICORI","RURAL"
"64",211,6,"nay",18,18,1,228,414,18,"NAYARIT",1,6,"HUAJICORI","RURAL"
"65",212,6,"nay",18,18,1,141,221,18,"NAYARIT",1,6,"HUAJICORI","RURAL"
"66",213,6,"nay",18,18,1,62,100,18,"NAYARIT",1,6,"HUAJICORI","RURAL"
"67",214,6,"nay",18,18,1,275,431,18,"NAYARIT",1,6,"HUAJICORI","RURAL"
"68",257,9,"nay",18,6,3,1024,2092,18,"NAYARIT",1,9,"DEL NAYAR","MIXTO(A)"
"69",258,9,"nay",18,6,3,1211,2417,18,"NAYARIT",1,9,"DEL NAYAR","MIXTO(A)"
"70",259,9,"nay",18,6,3,2090,4641,18,"NAYARIT",1,9,"DEL NAYAR","RURAL"
"71",260,9,"nay",18,6,3,640,1296,18,"NAYARIT",1,9,"DEL NAYAR","RURAL"
"72",261,9,"nay",18,6,3,392,812,18,"NAYARIT",1,9,"DEL NAYAR","RURAL"
"73",262,9,"nay",18,6,3,1010,2147,18,"NAYARIT",1,9,"DEL NAYAR","RURAL"
"74",263,9,"nay",18,6,3,104,191,18,"NAYARIT",1,9,"DEL NAYAR","RURAL"
"75",264,9,"nay",18,6,3,287,590,18,"NAYARIT",1,9,"DEL NAYAR","RURAL"
"76",265,9,"nay",18,6,3,351,796,18,"NAYARIT",1,9,"DEL NAYAR","RURAL"
"77",266,9,"nay",18,6,3,385,892,18,"NAYARIT",1,9,"DEL NAYAR","RURAL"
"78",267,9,"nay",18,6,3,1682,3667,18,"NAYARIT",1,9,"DEL NAYAR","RURAL"
"79",268,9,"nay",18,6,3,828,1750,18,"NAYARIT",1,9,"DEL NAYAR","RURAL"
"80",269,9,"nay",18,6,3,941,1875,18,"NAYARIT",1,9,"DEL NAYAR","RURAL"
"81",270,9,"nay",18,6,3,1554,3320,18,"NAYARIT",1,9,"DEL NAYAR","RURAL"
"82",271,9,"nay",18,6,3,848,1718,18,"NAYARIT",1,9,"DEL NAYAR","RURAL"
"83",272,9,"nay",18,6,3,443,859,18,"NAYARIT",1,9,"DEL NAYAR","RURAL"
"84",273,9,"nay",18,6,3,692,1427,18,"NAYARIT",1,9,"DEL NAYAR","RURAL"
"85",274,9,"nay",18,6,3,654,1255,18,"NAYARIT",1,9,"DEL NAYAR","RURAL"
"86",275,9,"nay",18,6,3,670,1289,18,"NAYARIT",1,9,"DEL NAYAR","RURAL"
"87",276,9,"nay",18,6,3,931,1814,18,"NAYARIT",1,9,"DEL NAYAR","RURAL"
"88",277,10,"nay",18,16,1,825,1308,18,"NAYARIT",1,10,"ROSAMORADA","MIXTO(A)"
"89",278,10,"nay",18,16,1,437,708,18,"NAYARIT",1,10,"ROSAMORADA","MIXTO(A)"
"90",279,10,"nay",18,16,1,135,211,18,"NAYARIT",1,10,"ROSAMORADA","URBANO(A)"
"91",280,10,"nay",18,16,1,233,344,18,"NAYARIT",1,10,"ROSAMORADA","URBANO(A)"
"92",281,10,"nay",18,16,1,559,926,18,"NAYARIT",1,10,"ROSAMORADA","URBANO(A)"
"93",282,10,"nay",18,16,1,481,737,18,"NAYARIT",1,10,"ROSAMORADA","URBANO(A)"
"94",283,10,"nay",18,16,2,518,861,18,"NAYARIT",1,10,"ROSAMORADA","RURAL"
"95",284,10,"nay",18,16,1,164,278,18,"NAYARIT",1,10,"ROSAMORADA","RURAL"
"96",285,10,"nay",18,16,1,362,695,18,"NAYARIT",1,10,"ROSAMORADA","RURAL"
"97",286,10,"nay",18,16,2,644,1081,18,"NAYARIT",1,10,"ROSAMORADA","RURAL"
"98",287,10,"nay",18,16,2,406,656,18,"NAYARIT",1,10,"ROSAMORADA","RURAL"
"99",288,10,"nay",18,16,2,676,1039,18,"NAYARIT",1,10,"ROSAMORADA","RURAL"
"100",289,10,"nay",18,16,2,722,1095,18,"NAYARIT",1,10,"ROSAMORADA","RURAL"
"101",290,10,"nay",18,16,1,555,943,18,"NAYARIT",1,10,"ROSAMORADA","RURAL"
"102",291,10,"nay",18,16,1,907,1714,18,"NAYARIT",1,10,"ROSAMORADA","RURAL"
"103",292,10,"nay",18,16,1,267,576,18,"NAYARIT",1,10,"ROSAMORADA","RURAL"
"104",293,10,"nay",18,16,1,186,322,18,"NAYARIT",1,10,"ROSAMORADA","RURAL"
"105",294,10,"nay",18,16,1,551,898,18,"NAYARIT",1,10,"ROSAMORADA","RURAL"
"106",295,10,"nay",18,16,1,185,318,18,"NAYARIT",1,10,"ROSAMORADA","RURAL"
"107",296,10,"nay",18,16,1,460,692,18,"NAYARIT",1,10,"ROSAMORADA","RURAL"
"108",297,10,"nay",18,16,1,430,618,18,"NAYARIT",1,10,"ROSAMORADA","RURAL"
"109",298,10,"nay",18,16,2,432,626,18,"NAYARIT",1,10,"ROSAMORADA","URBANO(A)"
"110",299,10,"nay",18,16,2,444,655,18,"NAYARIT",1,10,"ROSAMORADA","URBANO(A)"
"111",300,10,"nay",18,16,2,469,672,18,"NAYARIT",1,10,"ROSAMORADA","URBANO(A)"
"112",301,10,"nay",18,16,2,919,1428,18,"NAYARIT",1,10,"ROSAMORADA","RURAL"
"113",302,10,"nay",18,16,2,775,1128,18,"NAYARIT",1,10,"ROSAMORADA","URBANO(A)"
"114",303,10,"nay",18,16,2,296,446,18,"NAYARIT",1,10,"ROSAMORADA","URBANO(A)"
"115",304,10,"nay",18,16,2,431,648,18,"NAYARIT",1,10,"ROSAMORADA","URBANO(A)"
"116",305,10,"nay",18,16,2,395,574,18,"NAYARIT",1,10,"ROSAMORADA","URBANO(A)"
"117",306,10,"nay",18,16,2,725,1098,18,"NAYARIT",1,10,"ROSAMORADA","URBANO(A)"
"118",307,10,"nay",18,16,2,435,639,18,"NAYARIT",1,10,"ROSAMORADA","RURAL"
"119",308,10,"nay",18,16,2,453,650,18,"NAYARIT",1,10,"ROSAMORADA","RURAL"
"120",309,10,"nay",18,16,2,619,876,18,"NAYARIT",1,10,"ROSAMORADA","RURAL"
"121",310,10,"nay",18,16,2,1050,1655,18,"NAYARIT",1,10,"ROSAMORADA","URBANO(A)"
"122",311,10,"nay",18,16,2,1237,1886,18,"NAYARIT",1,10,"ROSAMORADA","MIXTO(A)"
"123",312,10,"nay",18,16,2,512,776,18,"NAYARIT",1,10,"ROSAMORADA","URBANO(A)"
"124",313,10,"nay",18,16,2,447,621,18,"NAYARIT",1,10,"ROSAMORADA","URBANO(A)"
"125",314,10,"nay",18,16,2,471,672,18,"NAYARIT",1,10,"ROSAMORADA","URBANO(A)"
"126",315,10,"nay",18,16,2,592,876,18,"NAYARIT",1,10,"ROSAMORADA","URBANO(A)"
"127",316,10,"nay",18,16,1,321,517,18,"NAYARIT",1,10,"ROSAMORADA","RURAL"
"128",317,10,"nay",18,16,1,461,822,18,"NAYARIT",1,10,"ROSAMORADA","RURAL"
"129",318,10,"nay",18,16,1,386,710,18,"NAYARIT",1,10,"ROSAMORADA","RURAL"
"130",319,10,"nay",18,16,1,220,470,18,"NAYARIT",1,10,"ROSAMORADA","RURAL"
"131",320,11,"nay",18,16,3,1351,2193,18,"NAYARIT",1,11,"RUIZ","URBANO(A)"
"132",321,11,"nay",18,16,3,708,1030,18,"NAYARIT",1,11,"RUIZ","URBANO(A)"
"133",322,11,"nay",18,16,3,797,1235,18,"NAYARIT",1,11,"RUIZ","URBANO(A)"
"134",323,11,"nay",18,16,3,1151,2048,18,"NAYARIT",1,11,"RUIZ","URBANO(A)"
"135",324,11,"nay",18,16,3,505,788,18,"NAYARIT",1,11,"RUIZ","URBANO(A)"
"136",325,11,"nay",18,16,3,290,459,18,"NAYARIT",1,11,"RUIZ","URBANO(A)"
"137",326,11,"nay",18,16,3,578,819,18,"NAYARIT",1,11,"RUIZ","URBANO(A)"
"138",327,11,"nay",18,16,3,1018,1649,18,"NAYARIT",1,11,"RUIZ","URBANO(A)"
"139",328,11,"nay",18,16,3,923,1442,18,"NAYARIT",1,11,"RUIZ","URBANO(A)"
"140",329,11,"nay",18,16,3,471,720,18,"NAYARIT",1,11,"RUIZ","URBANO(A)"
"141",330,11,"nay",18,16,3,286,433,18,"NAYARIT",1,11,"RUIZ","URBANO(A)"
"142",331,11,"nay",18,16,3,744,1152,18,"NAYARIT",1,11,"RUIZ","URBANO(A)"
"143",332,11,"nay",18,16,3,134,286,18,"NAYARIT",1,11,"RUIZ","RURAL"
"144",333,11,"nay",18,16,3,834,1557,18,"NAYARIT",1,11,"RUIZ","RURAL"
"145",334,11,"nay",18,16,3,159,287,18,"NAYARIT",1,11,"RUIZ","RURAL"
"146",335,11,"nay",18,16,3,103,231,18,"NAYARIT",1,11,"RUIZ","RURAL"
"147",336,11,"nay",18,16,3,294,524,18,"NAYARIT",1,11,"RUIZ","RURAL"
"148",337,11,"nay",18,16,3,433,653,18,"NAYARIT",1,11,"RUIZ","MIXTO(A)"
"149",338,11,"nay",18,16,3,432,651,18,"NAYARIT",1,11,"RUIZ","MIXTO(A)"
"150",339,11,"nay",18,16,3,152,231,18,"NAYARIT",1,11,"RUIZ","RURAL"
"151",340,11,"nay",18,16,3,264,422,18,"NAYARIT",1,11,"RUIZ","RURAL"
"152",341,11,"nay",18,16,3,467,814,18,"NAYARIT",1,11,"RUIZ","RURAL"
"153",342,11,"nay",18,16,3,256,378,18,"NAYARIT",1,11,"RUIZ","RURAL"
"154",343,11,"nay",18,16,3,684,1047,18,"NAYARIT",1,11,"RUIZ","RURAL"
"155",344,11,"nay",18,16,3,431,659,18,"NAYARIT",1,11,"RUIZ","RURAL"
"156",345,11,"nay",18,16,3,317,488,18,"NAYARIT",1,11,"RUIZ","RURAL"
"157",346,11,"nay",18,16,3,446,744,18,"NAYARIT",1,11,"RUIZ","RURAL"
"158",435,15,"nay",18,10,5,663,1064,18,"NAYARIT",1,15,"SANTIAGO IXCUINTLA","URBANO(A)"
"159",436,15,"nay",18,11,5,827,1230,18,"NAYARIT",1,15,"SANTIAGO IXCUINTLA","URBANO(A)"
"160",437,15,"nay",18,11,5,1461,2236,18,"NAYARIT",1,15,"SANTIAGO IXCUINTLA","URBANO(A)"
"161",438,15,"nay",18,11,5,824,1285,18,"NAYARIT",1,15,"SANTIAGO IXCUINTLA","URBANO(A)"
"162",439,15,"nay",18,11,5,458,664,18,"NAYARIT",1,15,"SANTIAGO IXCUINTLA","URBANO(A)"
"163",440,15,"nay",18,11,5,521,740,18,"NAYARIT",1,15,"SANTIAGO IXCUINTLA","URBANO(A)"
"164",441,15,"nay",18,10,5,998,1573,18,"NAYARIT",1,15,"SANTIAGO IXCUINTLA","URBANO(A)"
"165",442,15,"nay",18,10,5,1011,1608,18,"NAYARIT",1,15,"SANTIAGO IXCUINTLA","URBANO(A)"
"166",443,15,"nay",18,10,5,501,720,18,"NAYARIT",1,15,"SANTIAGO IXCUINTLA","URBANO(A)"
"167",444,15,"nay",18,10,5,319,447,18,"NAYARIT",1,15,"SANTIAGO IXCUINTLA","URBANO(A)"
"168",445,15,"nay",18,10,5,290,400,18,"NAYARIT",1,15,"SANTIAGO IXCUINTLA","URBANO(A)"
"169",446,15,"nay",18,10,5,375,504,18,"NAYARIT",1,15,"SANTIAGO IXCUINTLA","URBANO(A)"
"170",447,15,"nay",18,11,5,546,744,18,"NAYARIT",1,15,"SANTIAGO IXCUINTLA","URBANO(A)"
"171",448,15,"nay",18,11,5,557,782,18,"NAYARIT",1,15,"SANTIAGO IXCUINTLA","URBANO(A)"
"172",449,15,"nay",18,11,5,201,273,18,"NAYARIT",1,15,"SANTIAGO IXCUINTLA","URBANO(A)"
"173",450,15,"nay",18,11,5,437,610,18,"NAYARIT",1,15,"SANTIAGO IXCUINTLA","URBANO(A)"
"174",451,15,"nay",18,11,5,937,1460,18,"NAYARIT",1,15,"SANTIAGO IXCUINTLA","URBANO(A)"
"175",452,15,"nay",18,11,5,306,413,18,"NAYARIT",1,15,"SANTIAGO IXCUINTLA","URBANO(A)"
"176",453,15,"nay",18,10,5,184,245,18,"NAYARIT",1,15,"SANTIAGO IXCUINTLA","URBANO(A)"
"177",454,15,"nay",18,10,5,194,253,18,"NAYARIT",1,15,"SANTIAGO IXCUINTLA","URBANO(A)"
"178",455,15,"nay",18,10,5,363,478,18,"NAYARIT",1,15,"SANTIAGO IXCUINTLA","URBANO(A)"
"179",456,15,"nay",18,10,5,369,516,18,"NAYARIT",1,15,"SANTIAGO IXCUINTLA","URBANO(A)"
"180",457,15,"nay",18,11,4,898,1359,18,"NAYARIT",1,15,"SANTIAGO IXCUINTLA","RURAL"
"181",458,15,"nay",18,11,4,637,963,18,"NAYARIT",1,15,"SANTIAGO IXCUINTLA","RURAL"
"182",459,15,"nay",18,11,4,905,1337,18,"NAYARIT",1,15,"SANTIAGO IXCUINTLA","RURAL"
"183",460,15,"nay",18,11,4,978,1465,18,"NAYARIT",1,15,"SANTIAGO IXCUINTLA","RURAL"
"184",461,15,"nay",18,11,4,520,783,18,"NAYARIT",1,15,"SANTIAGO IXCUINTLA","RURAL"
"185",462,15,"nay",18,11,4,176,254,18,"NAYARIT",1,15,"SANTIAGO IXCUINTLA","RURAL"
"186",463,15,"nay",18,10,4,647,912,18,"NAYARIT",1,15,"SANTIAGO IXCUINTLA","RURAL"
"187",464,15,"nay",18,11,4,70,102,18,"NAYARIT",1,15,"SANTIAGO IXCUINTLA","RURAL"
"188",465,15,"nay",18,11,4,642,941,18,"NAYARIT",1,15,"SANTIAGO IXCUINTLA","RURAL"
"189",466,15,"nay",18,11,4,551,809,18,"NAYARIT",1,15,"SANTIAGO IXCUINTLA","RURAL"
"190",467,15,"nay",18,10,4,271,430,18,"NAYARIT",1,15,"SANTIAGO IXCUINTLA","RURAL"
"191",468,15,"nay",18,10,4,425,666,18,"NAYARIT",1,15,"SANTIAGO IXCUINTLA","RURAL"
"192",469,15,"nay",18,10,4,455,712,18,"NAYARIT",1,15,"SANTIAGO IXCUINTLA","RURAL"
"193",470,15,"nay",18,11,4,662,991,18,"NAYARIT",1,15,"SANTIAGO IXCUINTLA","RURAL"
"194",471,15,"nay",18,11,4,375,585,18,"NAYARIT",1,15,"SANTIAGO IXCUINTLA","URBANO(A)"
"195",472,15,"nay",18,11,4,650,976,18,"NAYARIT",1,15,"SANTIAGO IXCUINTLA","URBANO(A)"
"196",473,15,"nay",18,11,4,486,702,18,"NAYARIT",1,15,"SANTIAGO IXCUINTLA","URBANO(A)"
"197",474,15,"nay",18,11,4,644,979,18,"NAYARIT",1,15,"SANTIAGO IXCUINTLA","URBANO(A)"
"198",475,15,"nay",18,10,5,381,593,18,"NAYARIT",1,15,"SANTIAGO IXCUINTLA","RURAL"
"199",476,15,"nay",18,12,5,317,506,18,"NAYARIT",1,15,"SANTIAGO IXCUINTLA","RURAL"
"200",477,15,"nay",18,12,5,261,446,18,"NAYARIT",1,15,"SANTIAGO IXCUINTLA","RURAL"
"201",478,15,"nay",18,12,5,385,595,18,"NAYARIT",1,15,"SANTIAGO IXCUINTLA","RURAL"
"202",479,15,"nay",18,12,5,63,110,18,"NAYARIT",1,15,"SANTIAGO IXCUINTLA","RURAL"
"203",480,15,"nay",18,12,5,273,469,18,"NAYARIT",1,15,"SANTIAGO IXCUINTLA","RURAL"
"204",481,15,"nay",18,12,5,152,235,18,"NAYARIT",1,15,"SANTIAGO IXCUINTLA","RURAL"
"205",482,15,"nay",18,12,5,877,1483,18,"NAYARIT",1,15,"SANTIAGO IXCUINTLA","URBANO(A)"
"206",483,15,"nay",18,12,5,932,1436,18,"NAYARIT",1,15,"SANTIAGO IXCUINTLA","URBANO(A)"
"207",484,15,"nay",18,12,5,685,1047,18,"NAYARIT",1,15,"SANTIAGO IXCUINTLA","URBANO(A)"
"208",485,15,"nay",18,12,5,644,1023,18,"NAYARIT",1,15,"SANTIAGO IXCUINTLA","URBANO(A)"
"209",486,15,"nay",18,12,5,285,440,18,"NAYARIT",1,15,"SANTIAGO IXCUINTLA","URBANO(A)"
"210",487,15,"nay",18,11,5,916,1439,18,"NAYARIT",1,15,"SANTIAGO IXCUINTLA","RURAL"
"211",488,15,"nay",18,11,5,550,790,18,"NAYARIT",1,15,"SANTIAGO IXCUINTLA","RURAL"
"212",489,15,"nay",18,10,5,748,1176,18,"NAYARIT",1,15,"SANTIAGO IXCUINTLA","MIXTO(A)"
"213",490,15,"nay",18,10,5,488,752,18,"NAYARIT",1,15,"SANTIAGO IXCUINTLA","URBANO(A)"
"214",491,15,"nay",18,11,4,414,616,18,"NAYARIT",1,15,"SANTIAGO IXCUINTLA","RURAL"
"215",492,15,"nay",18,10,4,262,376,18,"NAYARIT",1,15,"SANTIAGO IXCUINTLA","RURAL"
"216",493,15,"nay",18,10,4,782,1133,18,"NAYARIT",1,15,"SANTIAGO IXCUINTLA","URBANO(A)"
"217",494,15,"nay",18,10,4,419,608,18,"NAYARIT",1,15,"SANTIAGO IXCUINTLA","URBANO(A)"
"218",495,15,"nay",18,10,4,558,853,18,"NAYARIT",1,15,"SANTIAGO IXCUINTLA","URBANO(A)"
"219",496,15,"nay",18,10,4,448,663,18,"NAYARIT",1,15,"SANTIAGO IXCUINTLA","RURAL"
"220",497,15,"nay",18,10,4,748,1254,18,"NAYARIT",1,15,"SANTIAGO IXCUINTLA","RURAL"
"221",498,15,"nay",18,10,4,603,938,18,"NAYARIT",1,15,"SANTIAGO IXCUINTLA","RURAL"
"222",499,15,"nay",18,10,4,221,341,18,"NAYARIT",1,15,"SANTIAGO IXCUINTLA","RURAL"
"223",500,15,"nay",18,10,4,341,509,18,"NAYARIT",1,15,"SANTIAGO IXCUINTLA","RURAL"
"224",501,15,"nay",18,10,5,442,691,18,"NAYARIT",1,15,"SANTIAGO IXCUINTLA","RURAL"
"225",502,15,"nay",18,10,4,639,936,18,"NAYARIT",1,15,"SANTIAGO IXCUINTLA","RURAL"
"226",503,15,"nay",18,10,5,846,1352,18,"NAYARIT",1,15,"SANTIAGO IXCUINTLA","URBANO(A)"
"227",504,15,"nay",18,10,5,598,874,18,"NAYARIT",1,15,"SANTIAGO IXCUINTLA","URBANO(A)"
"228",505,15,"nay",18,11,5,766,1166,18,"NAYARIT",1,15,"SANTIAGO IXCUINTLA","URBANO(A)"
"229",506,15,"nay",18,11,5,361,518,18,"NAYARIT",1,15,"SANTIAGO IXCUINTLA","URBANO(A)"
"230",507,15,"nay",18,11,5,549,828,18,"NAYARIT",1,15,"SANTIAGO IXCUINTLA","URBANO(A)"
"231",508,15,"nay",18,11,5,1082,1731,18,"NAYARIT",1,15,"SANTIAGO IXCUINTLA","MIXTO(A)"
"232",509,15,"nay",18,12,5,324,481,18,"NAYARIT",1,15,"SANTIAGO IXCUINTLA","RURAL"
"233",510,15,"nay",18,12,5,327,472,18,"NAYARIT",1,15,"SANTIAGO IXCUINTLA","RURAL"
"234",511,15,"nay",18,12,5,887,1415,18,"NAYARIT",1,15,"SANTIAGO IXCUINTLA","RURAL"
"235",512,15,"nay",18,12,5,657,1034,18,"NAYARIT",1,15,"SANTIAGO IXCUINTLA","RURAL"
"236",513,15,"nay",18,12,5,503,741,18,"NAYARIT",1,15,"SANTIAGO IXCUINTLA","RURAL"
"237",514,15,"nay",18,12,5,206,346,18,"NAYARIT",1,15,"SANTIAGO IXCUINTLA","RURAL"
"238",515,15,"nay",18,12,5,482,780,18,"NAYARIT",1,15,"SANTIAGO IXCUINTLA","RURAL"
"239",516,15,"nay",18,12,5,451,736,18,"NAYARIT",1,15,"SANTIAGO IXCUINTLA","RURAL"
"240",517,15,"nay",18,12,5,379,610,18,"NAYARIT",1,15,"SANTIAGO IXCUINTLA","RURAL"
"241",518,15,"nay",18,12,5,148,251,18,"NAYARIT",1,15,"SANTIAGO IXCUINTLA","RURAL"
"242",519,15,"nay",18,12,5,346,573,18,"NAYARIT",1,15,"SANTIAGO IXCUINTLA","RURAL"
"243",520,15,"nay",18,10,5,539,799,18,"NAYARIT",1,15,"SANTIAGO IXCUINTLA","RURAL"
"244",521,15,"nay",18,12,5,475,747,18,"NAYARIT",1,15,"SANTIAGO IXCUINTLA","URBANO(A)"
"245",522,15,"nay",18,12,5,659,1005,18,"NAYARIT",1,15,"SANTIAGO IXCUINTLA","URBANO(A)"
"246",523,15,"nay",18,12,5,803,1203,18,"NAYARIT",1,15,"SANTIAGO IXCUINTLA","URBANO(A)"
"247",524,15,"nay",18,12,5,542,847,18,"NAYARIT",1,15,"SANTIAGO IXCUINTLA","URBANO(A)"
"248",525,15,"nay",18,12,5,337,498,18,"NAYARIT",1,15,"SANTIAGO IXCUINTLA","URBANO(A)"
"249",526,15,"nay",18,12,5,716,1035,18,"NAYARIT",1,15,"SANTIAGO IXCUINTLA","URBANO(A)"
"250",527,15,"nay",18,12,5,588,869,18,"NAYARIT",1,15,"SANTIAGO IXCUINTLA","URBANO(A)"
"251",528,15,"nay",18,12,5,874,1338,18,"NAYARIT",1,15,"SANTIAGO IXCUINTLA","URBANO(A)"
"252",529,15,"nay",18,12,5,372,555,18,"NAYARIT",1,15,"SANTIAGO IXCUINTLA","URBANO(A)"
"253",530,15,"nay",18,12,5,457,689,18,"NAYARIT",1,15,"SANTIAGO IXCUINTLA","URBANO(A)"
"254",531,15,"nay",18,12,5,759,1141,18,"NAYARIT",1,15,"SANTIAGO IXCUINTLA","URBANO(A)"
"255",532,15,"nay",18,10,4,925,1397,18,"NAYARIT",1,15,"SANTIAGO IXCUINTLA","RURAL"
"256",533,15,"nay",18,12,5,105,158,18,"NAYARIT",1,15,"SANTIAGO IXCUINTLA","RURAL"
"257",534,15,"nay",18,10,4,331,534,18,"NAYARIT",1,15,"SANTIAGO IXCUINTLA","URBANO(A)"
"258",535,15,"nay",18,10,4,388,571,18,"NAYARIT",1,15,"SANTIAGO IXCUINTLA","URBANO(A)"
"259",536,15,"nay",18,10,4,370,592,18,"NAYARIT",1,15,"SANTIAGO IXCUINTLA","URBANO(A)"
"260",537,15,"nay",18,10,4,554,828,18,"NAYARIT",1,15,"SANTIAGO IXCUINTLA","URBANO(A)"
"261",538,15,"nay",18,10,4,533,808,18,"NAYARIT",1,15,"SANTIAGO IXCUINTLA","URBANO(A)"
"262",539,15,"nay",18,10,4,554,824,18,"NAYARIT",1,15,"SANTIAGO IXCUINTLA","URBANO(A)"
"263",540,15,"nay",18,10,4,709,1115,18,"NAYARIT",1,15,"SANTIAGO IXCUINTLA","URBANO(A)"
"264",541,15,"nay",18,10,4,720,1062,18,"NAYARIT",1,15,"SANTIAGO IXCUINTLA","URBANO(A)"
"265",542,15,"nay",18,10,4,866,1310,18,"NAYARIT",1,15,"SANTIAGO IXCUINTLA","RURAL"
"266",543,15,"nay",18,12,5,1033,1496,18,"NAYARIT",1,15,"SANTIAGO IXCUINTLA","URBANO(A)"
"267",544,15,"nay",18,12,5,348,513,18,"NAYARIT",1,15,"SANTIAGO IXCUINTLA","URBANO(A)"
"268",545,15,"nay",18,12,5,873,1376,18,"NAYARIT",1,15,"SANTIAGO IXCUINTLA","MIXTO(A)"
"269",546,15,"nay",18,12,5,736,1180,18,"NAYARIT",1,15,"SANTIAGO IXCUINTLA","MIXTO(A)"
"270",547,16,"nay",18,17,2,505,829,18,"NAYARIT",1,16,"TECUALA","URBANO(A)"
"271",548,16,"nay",18,17,2,654,1055,18,"NAYARIT",1,16,"TECUALA","URBANO(A)"
"272",549,16,"nay",18,17,2,622,945,18,"NAYARIT",1,16,"TECUALA","URBANO(A)"
"273",550,16,"nay",18,17,2,1241,2080,18,"NAYARIT",1,16,"TECUALA","MIXTO(A)"
"274",551,16,"nay",18,17,2,666,1035,18,"NAYARIT",1,16,"TECUALA","URBANO(A)"
"275",552,16,"nay",18,17,2,589,922,18,"NAYARIT",1,16,"TECUALA","URBANO(A)"
"276",553,16,"nay",18,17,2,498,739,18,"NAYARIT",1,16,"TECUALA","MIXTO(A)"
"277",554,16,"nay",18,17,2,586,885,18,"NAYARIT",1,16,"TECUALA","URBANO(A)"
"278",555,16,"nay",18,17,2,459,670,18,"NAYARIT",1,16,"TECUALA","URBANO(A)"
"279",556,16,"nay",18,17,2,254,349,18,"NAYARIT",1,16,"TECUALA","URBANO(A)"
"280",557,16,"nay",18,17,2,237,357,18,"NAYARIT",1,16,"TECUALA","URBANO(A)"
"281",558,16,"nay",18,17,2,244,359,18,"NAYARIT",1,16,"TECUALA","URBANO(A)"
"282",559,16,"nay",18,17,2,402,631,18,"NAYARIT",1,16,"TECUALA","URBANO(A)"
"283",560,16,"nay",18,17,2,364,533,18,"NAYARIT",1,16,"TECUALA","URBANO(A)"
"284",561,16,"nay",18,17,2,336,490,18,"NAYARIT",1,16,"TECUALA","URBANO(A)"
"285",562,16,"nay",18,17,2,603,910,18,"NAYARIT",1,16,"TECUALA","URBANO(A)"
"286",563,16,"nay",18,17,2,660,985,18,"NAYARIT",1,16,"TECUALA","URBANO(A)"
"287",564,16,"nay",18,17,2,822,1265,18,"NAYARIT",1,16,"TECUALA","URBANO(A)"
"288",565,16,"nay",18,17,2,149,227,18,"NAYARIT",1,16,"TECUALA","RURAL"
"289",566,16,"nay",18,17,2,146,256,18,"NAYARIT",1,16,"TECUALA","RURAL"
"290",567,16,"nay",18,17,2,707,1059,18,"NAYARIT",1,16,"TECUALA","RURAL"
"291",568,16,"nay",18,17,2,588,856,18,"NAYARIT",1,16,"TECUALA","RURAL"
"292",569,16,"nay",18,17,2,301,461,18,"NAYARIT",1,16,"TECUALA","RURAL"
"293",570,16,"nay",18,17,2,915,1342,18,"NAYARIT",1,16,"TECUALA","RURAL"
"294",571,16,"nay",18,17,2,703,1092,18,"NAYARIT",1,16,"TECUALA","URBANO(A)"
"295",572,16,"nay",18,17,2,557,785,18,"NAYARIT",1,16,"TECUALA","URBANO(A)"
"296",573,16,"nay",18,17,2,674,952,18,"NAYARIT",1,16,"TECUALA","URBANO(A)"
"297",574,16,"nay",18,17,2,503,731,18,"NAYARIT",1,16,"TECUALA","URBANO(A)"
"298",575,16,"nay",18,17,2,678,996,18,"NAYARIT",1,16,"TECUALA","URBANO(A)"
"299",576,16,"nay",18,17,2,661,943,18,"NAYARIT",1,16,"TECUALA","RURAL"
"300",577,16,"nay",18,17,2,455,661,18,"NAYARIT",1,16,"TECUALA","MIXTO(A)"
"301",578,16,"nay",18,17,2,749,1054,18,"NAYARIT",1,16,"TECUALA","URBANO(A)"
"302",579,16,"nay",18,17,2,533,810,18,"NAYARIT",1,16,"TECUALA","RURAL"
"303",580,16,"nay",18,17,2,690,1009,18,"NAYARIT",1,16,"TECUALA","RURAL"
"304",581,16,"nay",18,17,2,475,733,18,"NAYARIT",1,16,"TECUALA","RURAL"
"305",582,16,"nay",18,17,2,854,1330,18,"NAYARIT",1,16,"TECUALA","RURAL"
"306",583,16,"nay",18,17,2,742,1072,18,"NAYARIT",1,16,"TECUALA","URBANO(A)"
"307",584,16,"nay",18,17,2,590,914,18,"NAYARIT",1,16,"TECUALA","URBANO(A)"
"308",585,16,"nay",18,17,2,408,610,18,"NAYARIT",1,16,"TECUALA","URBANO(A)"
"309",586,16,"nay",18,17,2,519,813,18,"NAYARIT",1,16,"TECUALA","URBANO(A)"
"310",587,16,"nay",18,17,2,583,912,18,"NAYARIT",1,16,"TECUALA","RURAL"
"311",588,16,"nay",18,17,2,808,1222,18,"NAYARIT",1,16,"TECUALA","RURAL"
"312",589,16,"nay",18,17,2,265,384,18,"NAYARIT",1,16,"TECUALA","RURAL"
"313",590,16,"nay",18,17,2,109,158,18,"NAYARIT",1,16,"TECUALA","RURAL"
"314",591,16,"nay",18,17,2,679,989,18,"NAYARIT",1,16,"TECUALA","RURAL"
"315",592,16,"nay",18,17,2,245,420,18,"NAYARIT",1,16,"TECUALA","RURAL"
"316",593,16,"nay",18,17,2,294,465,18,"NAYARIT",1,16,"TECUALA","RURAL"
"317",594,16,"nay",18,17,2,255,404,18,"NAYARIT",1,16,"TECUALA","RURAL"
"318",595,16,"nay",18,17,2,425,668,18,"NAYARIT",1,16,"TECUALA","RURAL"
"319",596,16,"nay",18,17,2,243,400,18,"NAYARIT",1,16,"TECUALA","RURAL"
"320",810,18,"nay",18,15,4,713,1056,18,"NAYARIT",1,18,"TUXPAN","MIXTO(A)"
"321",811,18,"nay",18,15,4,507,751,18,"NAYARIT",1,18,"TUXPAN","URBANO(A)"
"322",812,18,"nay",18,15,4,686,945,18,"NAYARIT",1,18,"TUXPAN","URBANO(A)"
"323",813,18,"nay",18,15,4,409,569,18,"NAYARIT",1,18,"TUXPAN","URBANO(A)"
"324",814,18,"nay",18,15,4,492,692,18,"NAYARIT",1,18,"TUXPAN","URBANO(A)"
"325",815,18,"nay",18,15,4,716,1094,18,"NAYARIT",1,18,"TUXPAN","URBANO(A)"
"326",816,18,"nay",18,15,4,891,1424,18,"NAYARIT",1,18,"TUXPAN","URBANO(A)"
"327",817,18,"nay",18,15,4,278,389,18,"NAYARIT",1,18,"TUXPAN","URBANO(A)"
"328",818,18,"nay",18,15,4,274,343,18,"NAYARIT",1,18,"TUXPAN","URBANO(A)"
"329",819,18,"nay",18,15,4,447,625,18,"NAYARIT",1,18,"TUXPAN","URBANO(A)"
"330",820,18,"nay",18,15,4,353,521,18,"NAYARIT",1,18,"TUXPAN","URBANO(A)"
"331",821,18,"nay",18,15,4,450,644,18,"NAYARIT",1,18,"TUXPAN","MIXTO(A)"
"332",822,18,"nay",18,15,4,643,1000,18,"NAYARIT",1,18,"TUXPAN","URBANO(A)"
"333",823,18,"nay",18,15,4,927,1476,18,"NAYARIT",1,18,"TUXPAN","URBANO(A)"
"334",824,18,"nay",18,15,4,808,1275,18,"NAYARIT",1,18,"TUXPAN","URBANO(A)"
"335",825,18,"nay",18,15,4,666,1004,18,"NAYARIT",1,18,"TUXPAN","URBANO(A)"
"336",826,18,"nay",18,15,4,353,519,18,"NAYARIT",1,18,"TUXPAN","URBANO(A)"
"337",827,18,"nay",18,15,4,922,1441,18,"NAYARIT",1,18,"TUXPAN","URBANO(A)"
"338",828,18,"nay",18,15,4,349,492,18,"NAYARIT",1,18,"TUXPAN","URBANO(A)"
"339",829,18,"nay",18,15,4,280,384,18,"NAYARIT",1,18,"TUXPAN","URBANO(A)"
"340",830,18,"nay",18,15,4,492,674,18,"NAYARIT",1,18,"TUXPAN","URBANO(A)"
"341",831,18,"nay",18,15,4,671,1079,18,"NAYARIT",1,18,"TUXPAN","URBANO(A)"
"342",832,18,"nay",18,15,4,571,882,18,"NAYARIT",1,18,"TUXPAN","URBANO(A)"
"343",833,18,"nay",18,15,4,457,696,18,"NAYARIT",1,18,"TUXPAN","URBANO(A)"
"344",834,18,"nay",18,15,4,398,562,18,"NAYARIT",1,18,"TUXPAN","URBANO(A)"
"345",835,18,"nay",18,15,4,771,1236,18,"NAYARIT",1,18,"TUXPAN","URBANO(A)"
"346",836,18,"nay",18,15,4,788,1156,18,"NAYARIT",1,18,"TUXPAN","RURAL"
"347",837,18,"nay",18,15,4,835,1211,18,"NAYARIT",1,18,"TUXPAN","MIXTO(A)"
"348",838,18,"nay",18,15,4,865,1302,18,"NAYARIT",1,18,"TUXPAN","URBANO(A)"
"349",839,18,"nay",18,15,4,712,1034,18,"NAYARIT",1,18,"TUXPAN","URBANO(A)"
"350",840,18,"nay",18,15,4,522,784,18,"NAYARIT",1,18,"TUXPAN","URBANO(A)"
"351",841,18,"nay",18,15,4,498,746,18,"NAYARIT",1,18,"TUXPAN","URBANO(A)"
"352",842,18,"nay",18,15,4,730,1088,18,"NAYARIT",1,18,"TUXPAN","URBANO(A)"
"353",843,18,"nay",18,15,4,605,912,18,"NAYARIT",1,18,"TUXPAN","URBANO(A)"
"354",597,17,"nay",18,5,6,931,1533,18,"NAYARIT",2,17,"TEPIC","URBANO(A)"
"355",598,17,"nay",18,5,9,3078,4875,18,"NAYARIT",2,17,"TEPIC","URBANO(A)"
"356",599,17,"nay",18,5,9,458,750,18,"NAYARIT",2,17,"TEPIC","URBANO(A)"
"357",600,17,"nay",18,5,9,1482,2317,18,"NAYARIT",2,17,"TEPIC","URBANO(A)"
"358",601,17,"nay",18,5,9,1954,3032,18,"NAYARIT",2,17,"TEPIC","URBANO(A)"
"359",602,17,"nay",18,5,9,1216,1679,18,"NAYARIT",2,17,"TEPIC","URBANO(A)"
"360",603,17,"nay",18,5,9,961,1415,18,"NAYARIT",2,17,"TEPIC","URBANO(A)"
"361",604,17,"nay",18,5,9,996,1575,18,"NAYARIT",2,17,"TEPIC","URBANO(A)"
"362",605,17,"nay",18,5,9,904,1416,18,"NAYARIT",2,17,"TEPIC","URBANO(A)"
"363",606,17,"nay",18,5,9,1069,1606,18,"NAYARIT",2,17,"TEPIC","URBANO(A)"
"364",607,17,"nay",18,5,9,2696,4401,18,"NAYARIT",2,17,"TEPIC","URBANO(A)"
"365",610,17,"nay",18,3,11,1471,1986,18,"NAYARIT",2,17,"TEPIC","URBANO(A)"
"366",612,17,"nay",18,2,8,1795,2510,18,"NAYARIT",2,17,"TEPIC","URBANO(A)"
"367",613,17,"nay",18,2,8,1486,2218,18,"NAYARIT",2,17,"TEPIC","URBANO(A)"
"368",614,17,"nay",18,2,8,661,895,18,"NAYARIT",2,17,"TEPIC","URBANO(A)"
"369",615,17,"nay",18,2,8,745,1013,18,"NAYARIT",2,17,"TEPIC","URBANO(A)"
"370",616,17,"nay",18,2,8,982,1368,18,"NAYARIT",2,17,"TEPIC","URBANO(A)"
"371",617,17,"nay",18,2,8,1012,1400,18,"NAYARIT",2,17,"TEPIC","URBANO(A)"
"372",618,17,"nay",18,2,8,455,626,18,"NAYARIT",2,17,"TEPIC","URBANO(A)"
"373",619,17,"nay",18,2,8,668,999,18,"NAYARIT",2,17,"TEPIC","URBANO(A)"
"374",620,17,"nay",18,2,8,610,863,18,"NAYARIT",2,17,"TEPIC","URBANO(A)"
"375",621,17,"nay",18,2,9,965,1427,18,"NAYARIT",2,17,"TEPIC","URBANO(A)"
"376",622,17,"nay",18,5,9,631,935,18,"NAYARIT",2,17,"TEPIC","URBANO(A)"
"377",623,17,"nay",18,5,9,1098,1704,18,"NAYARIT",2,17,"TEPIC","URBANO(A)"
"378",624,17,"nay",18,5,9,704,1084,18,"NAYARIT",2,17,"TEPIC","URBANO(A)"
"379",625,17,"nay",18,5,9,517,759,18,"NAYARIT",2,17,"TEPIC","URBANO(A)"
"380",626,17,"nay",18,5,9,1250,1796,18,"NAYARIT",2,17,"TEPIC","URBANO(A)"
"381",627,17,"nay",18,5,9,1020,1416,18,"NAYARIT",2,17,"TEPIC","URBANO(A)"
"382",628,17,"nay",18,5,9,818,1177,18,"NAYARIT",2,17,"TEPIC","URBANO(A)"
"383",629,17,"nay",18,5,9,883,1307,18,"NAYARIT",2,17,"TEPIC","URBANO(A)"
"384",630,17,"nay",18,5,9,1342,2087,18,"NAYARIT",2,17,"TEPIC","URBANO(A)"
"385",631,17,"nay",18,5,9,1505,2180,18,"NAYARIT",2,17,"TEPIC","URBANO(A)"
"386",632,17,"nay",18,5,6,1244,1804,18,"NAYARIT",2,17,"TEPIC","URBANO(A)"
"387",635,17,"nay",18,5,9,1686,2497,18,"NAYARIT",2,17,"TEPIC","URBANO(A)"
"388",636,17,"nay",18,5,9,525,730,18,"NAYARIT",2,17,"TEPIC","URBANO(A)"
"389",637,17,"nay",18,5,9,695,985,18,"NAYARIT",2,17,"TEPIC","URBANO(A)"
"390",638,17,"nay",18,5,9,484,671,18,"NAYARIT",2,17,"TEPIC","URBANO(A)"
"391",639,17,"nay",18,5,9,691,948,18,"NAYARIT",2,17,"TEPIC","URBANO(A)"
"392",640,17,"nay",18,5,9,828,1144,18,"NAYARIT",2,17,"TEPIC","URBANO(A)"
"393",641,17,"nay",18,5,9,440,595,18,"NAYARIT",2,17,"TEPIC","URBANO(A)"
"394",642,17,"nay",18,5,9,710,992,18,"NAYARIT",2,17,"TEPIC","URBANO(A)"
"395",643,17,"nay",18,5,8,835,1163,18,"NAYARIT",2,17,"TEPIC","URBANO(A)"
"396",644,17,"nay",18,2,8,692,892,18,"NAYARIT",2,17,"TEPIC","URBANO(A)"
"397",645,17,"nay",18,2,8,743,1026,18,"NAYARIT",2,17,"TEPIC","URBANO(A)"
"398",646,17,"nay",18,2,8,827,1158,18,"NAYARIT",2,17,"TEPIC","URBANO(A)"
"399",647,17,"nay",18,2,8,399,502,18,"NAYARIT",2,17,"TEPIC","URBANO(A)"
"400",648,17,"nay",18,2,8,572,760,18,"NAYARIT",2,17,"TEPIC","URBANO(A)"
"401",649,17,"nay",18,2,8,404,532,18,"NAYARIT",2,17,"TEPIC","URBANO(A)"
"402",650,17,"nay",18,2,8,555,777,18,"NAYARIT",2,17,"TEPIC","URBANO(A)"
"403",651,17,"nay",18,5,8,1140,1621,18,"NAYARIT",2,17,"TEPIC","URBANO(A)"
"404",652,17,"nay",18,5,9,608,861,18,"NAYARIT",2,17,"TEPIC","URBANO(A)"
"405",653,17,"nay",18,1,9,421,535,18,"NAYARIT",2,17,"TEPIC","URBANO(A)"
"406",654,17,"nay",18,5,9,482,655,18,"NAYARIT",2,17,"TEPIC","URBANO(A)"
"407",655,17,"nay",18,5,9,574,829,18,"NAYARIT",2,17,"TEPIC","URBANO(A)"
"408",656,17,"nay",18,5,9,687,961,18,"NAYARIT",2,17,"TEPIC","URBANO(A)"
"409",657,17,"nay",18,5,9,562,723,18,"NAYARIT",2,17,"TEPIC","URBANO(A)"
"410",658,17,"nay",18,5,9,748,1010,18,"NAYARIT",2,17,"TEPIC","URBANO(A)"
"411",659,17,"nay",18,5,9,453,622,18,"NAYARIT",2,17,"TEPIC","URBANO(A)"
"412",660,17,"nay",18,5,9,663,950,18,"NAYARIT",2,17,"TEPIC","URBANO(A)"
"413",661,17,"nay",18,4,6,1166,1798,18,"NAYARIT",2,17,"TEPIC","URBANO(A)"
"414",662,17,"nay",18,4,6,887,1153,18,"NAYARIT",2,17,"TEPIC","URBANO(A)"
"415",663,17,"nay",18,4,6,1686,2383,18,"NAYARIT",2,17,"TEPIC","URBANO(A)"
"416",664,17,"nay",18,4,6,1711,2524,18,"NAYARIT",2,17,"TEPIC","URBANO(A)"
"417",665,17,"nay",18,4,6,784,1087,18,"NAYARIT",2,17,"TEPIC","URBANO(A)"
"418",666,17,"nay",18,4,11,697,927,18,"NAYARIT",2,17,"TEPIC","URBANO(A)"
"419",667,17,"nay",18,5,9,591,838,18,"NAYARIT",2,17,"TEPIC","URBANO(A)"
"420",668,17,"nay",18,5,9,473,666,18,"NAYARIT",2,17,"TEPIC","URBANO(A)"
"421",669,17,"nay",18,1,9,440,559,18,"NAYARIT",2,17,"TEPIC","URBANO(A)"
"422",670,17,"nay",18,1,9,496,635,18,"NAYARIT",2,17,"TEPIC","URBANO(A)"
"423",671,17,"nay",18,1,9,215,275,18,"NAYARIT",2,17,"TEPIC","URBANO(A)"
"424",672,17,"nay",18,1,12,44,57,18,"NAYARIT",2,17,"TEPIC","URBANO(A)"
"425",673,17,"nay",18,1,12,300,395,18,"NAYARIT",2,17,"TEPIC","URBANO(A)"
"426",674,17,"nay",18,1,12,306,404,18,"NAYARIT",2,17,"TEPIC","URBANO(A)"
"427",675,17,"nay",18,1,12,219,282,18,"NAYARIT",2,17,"TEPIC","URBANO(A)"
"428",676,17,"nay",18,1,12,1193,1681,18,"NAYARIT",2,17,"TEPIC","URBANO(A)"
"429",677,17,"nay",18,2,8,744,1039,18,"NAYARIT",2,17,"TEPIC","URBANO(A)"
"430",678,17,"nay",18,2,8,1858,2891,18,"NAYARIT",2,17,"TEPIC","URBANO(A)"
"431",679,17,"nay",18,2,8,1660,2624,18,"NAYARIT",2,17,"TEPIC","URBANO(A)"
"432",680,17,"nay",18,1,12,1142,1780,18,"NAYARIT",2,17,"TEPIC","URBANO(A)"
"433",681,17,"nay",18,1,12,624,808,18,"NAYARIT",2,17,"TEPIC","URBANO(A)"
"434",682,17,"nay",18,1,12,193,220,18,"NAYARIT",2,17,"TEPIC","URBANO(A)"
"435",683,17,"nay",18,1,12,150,185,18,"NAYARIT",2,17,"TEPIC","URBANO(A)"
"436",684,17,"nay",18,1,12,147,177,18,"NAYARIT",2,17,"TEPIC","URBANO(A)"
"437",685,17,"nay",18,1,9,284,355,18,"NAYARIT",2,17,"TEPIC","URBANO(A)"
"438",686,17,"nay",18,1,9,217,262,18,"NAYARIT",2,17,"TEPIC","URBANO(A)"
"439",687,17,"nay",18,1,9,589,763,18,"NAYARIT",2,17,"TEPIC","URBANO(A)"
"440",688,17,"nay",18,1,9,469,598,18,"NAYARIT",2,17,"TEPIC","URBANO(A)"
"441",689,17,"nay",18,1,12,362,448,18,"NAYARIT",2,17,"TEPIC","URBANO(A)"
"442",690,17,"nay",18,1,12,255,314,18,"NAYARIT",2,17,"TEPIC","URBANO(A)"
"443",691,17,"nay",18,1,12,392,505,18,"NAYARIT",2,17,"TEPIC","URBANO(A)"
"444",692,17,"nay",18,1,12,624,811,18,"NAYARIT",2,17,"TEPIC","URBANO(A)"
"445",693,17,"nay",18,1,12,1265,2012,18,"NAYARIT",2,17,"TEPIC","URBANO(A)"
"446",694,17,"nay",18,2,12,1413,2370,18,"NAYARIT",2,17,"TEPIC","URBANO(A)"
"447",695,17,"nay",18,1,12,2934,4858,18,"NAYARIT",2,17,"TEPIC","URBANO(A)"
"448",696,17,"nay",18,1,12,575,781,18,"NAYARIT",2,17,"TEPIC","URBANO(A)"
"449",697,17,"nay",18,1,12,487,641,18,"NAYARIT",2,17,"TEPIC","URBANO(A)"
"450",698,17,"nay",18,1,12,327,427,18,"NAYARIT",2,17,"TEPIC","URBANO(A)"
"451",699,17,"nay",18,1,11,268,371,18,"NAYARIT",2,17,"TEPIC","URBANO(A)"
"452",700,17,"nay",18,4,11,922,1298,18,"NAYARIT",2,17,"TEPIC","URBANO(A)"
"453",701,17,"nay",18,4,6,1458,2076,18,"NAYARIT",2,17,"TEPIC","URBANO(A)"
"454",702,17,"nay",18,4,11,990,1348,18,"NAYARIT",2,17,"TEPIC","URBANO(A)"
"455",703,17,"nay",18,4,11,529,670,18,"NAYARIT",2,17,"TEPIC","URBANO(A)"
"456",704,17,"nay",18,1,11,260,330,18,"NAYARIT",2,17,"TEPIC","URBANO(A)"
"457",705,17,"nay",18,1,11,621,811,18,"NAYARIT",2,17,"TEPIC","URBANO(A)"
"458",706,17,"nay",18,1,11,636,821,18,"NAYARIT",2,17,"TEPIC","URBANO(A)"
"459",707,17,"nay",18,1,11,470,664,18,"NAYARIT",2,17,"TEPIC","URBANO(A)"
"460",708,17,"nay",18,1,11,606,797,18,"NAYARIT",2,17,"TEPIC","URBANO(A)"
"461",709,17,"nay",18,1,11,1286,1695,18,"NAYARIT",2,17,"TEPIC","URBANO(A)"
"462",710,17,"nay",18,1,12,1455,2008,18,"NAYARIT",2,17,"TEPIC","URBANO(A)"
"463",712,17,"nay",18,2,12,950,1715,18,"NAYARIT",2,17,"TEPIC","URBANO(A)"
"464",713,17,"nay",18,1,11,1277,1699,18,"NAYARIT",2,17,"TEPIC","URBANO(A)"
"465",714,17,"nay",18,1,11,490,643,18,"NAYARIT",2,17,"TEPIC","URBANO(A)"
"466",715,17,"nay",18,1,11,1083,1457,18,"NAYARIT",2,17,"TEPIC","URBANO(A)"
"467",716,17,"nay",18,4,11,414,544,18,"NAYARIT",2,17,"TEPIC","URBANO(A)"
"468",717,17,"nay",18,4,11,173,250,18,"NAYARIT",2,17,"TEPIC","URBANO(A)"
"469",718,17,"nay",18,4,11,526,709,18,"NAYARIT",2,17,"TEPIC","URBANO(A)"
"470",719,17,"nay",18,4,11,1297,1860,18,"NAYARIT",2,17,"TEPIC","URBANO(A)"
"471",720,17,"nay",18,4,11,695,1031,18,"NAYARIT",2,17,"TEPIC","URBANO(A)"
"472",721,17,"nay",18,4,11,479,688,18,"NAYARIT",2,17,"TEPIC","URBANO(A)"
"473",722,17,"nay",18,4,11,769,1124,18,"NAYARIT",2,17,"TEPIC","URBANO(A)"
"474",723,17,"nay",18,4,11,1481,2066,18,"NAYARIT",2,17,"TEPIC","URBANO(A)"
"475",724,17,"nay",18,4,11,1724,2437,18,"NAYARIT",2,17,"TEPIC","URBANO(A)"
"476",725,17,"nay",18,1,11,1292,1702,18,"NAYARIT",2,17,"TEPIC","URBANO(A)"
"477",726,17,"nay",18,1,11,772,997,18,"NAYARIT",2,17,"TEPIC","URBANO(A)"
"478",727,17,"nay",18,3,11,576,784,18,"NAYARIT",2,17,"TEPIC","URBANO(A)"
"479",728,17,"nay",18,1,11,888,1141,18,"NAYARIT",2,17,"TEPIC","URBANO(A)"
"480",729,17,"nay",18,3,11,587,764,18,"NAYARIT",2,17,"TEPIC","URBANO(A)"
"481",730,17,"nay",18,4,11,743,1029,18,"NAYARIT",2,17,"TEPIC","URBANO(A)"
"482",731,17,"nay",18,4,11,786,1159,18,"NAYARIT",2,17,"TEPIC","URBANO(A)"
"483",732,17,"nay",18,4,6,1736,2906,18,"NAYARIT",2,17,"TEPIC","URBANO(A)"
"484",733,17,"nay",18,4,11,3135,3617,18,"NAYARIT",2,17,"TEPIC","URBANO(A)"
"485",734,17,"nay",18,3,11,649,877,18,"NAYARIT",2,17,"TEPIC","URBANO(A)"
"486",735,17,"nay",18,1,11,665,934,18,"NAYARIT",2,17,"TEPIC","URBANO(A)"
"487",736,17,"nay",18,1,12,2724,4509,18,"NAYARIT",2,17,"TEPIC","URBANO(A)"
"488",738,17,"nay",18,1,12,1329,2091,18,"NAYARIT",2,17,"TEPIC","URBANO(A)"
"489",739,17,"nay",18,3,11,1334,1932,18,"NAYARIT",2,17,"TEPIC","URBANO(A)"
"490",740,17,"nay",18,3,11,874,1223,18,"NAYARIT",2,17,"TEPIC","URBANO(A)"
"491",741,17,"nay",18,3,11,679,935,18,"NAYARIT",2,17,"TEPIC","URBANO(A)"
"492",742,17,"nay",18,4,11,771,1040,18,"NAYARIT",2,17,"TEPIC","URBANO(A)"
"493",743,17,"nay",18,4,11,631,919,18,"NAYARIT",2,17,"TEPIC","URBANO(A)"
"494",744,17,"nay",18,4,11,1494,2174,18,"NAYARIT",2,17,"TEPIC","URBANO(A)"
"495",745,17,"nay",18,3,11,1048,1538,18,"NAYARIT",2,17,"TEPIC","URBANO(A)"
"496",746,17,"nay",18,3,11,1210,1741,18,"NAYARIT",2,17,"TEPIC","URBANO(A)"
"497",747,17,"nay",18,1,12,994,1469,18,"NAYARIT",2,17,"TEPIC","URBANO(A)"
"498",748,17,"nay",18,1,12,898,1377,18,"NAYARIT",2,17,"TEPIC","URBANO(A)"
"499",749,17,"nay",18,3,12,2458,3698,18,"NAYARIT",2,17,"TEPIC","URBANO(A)"
"500",750,17,"nay",18,1,12,515,680,18,"NAYARIT",2,17,"TEPIC","URBANO(A)"
"501",751,17,"nay",18,3,11,844,1188,18,"NAYARIT",2,17,"TEPIC","URBANO(A)"
"502",752,17,"nay",18,3,11,1086,1547,18,"NAYARIT",2,17,"TEPIC","URBANO(A)"
"503",753,17,"nay",18,3,14,1157,1673,18,"NAYARIT",2,17,"TEPIC","URBANO(A)"
"504",754,17,"nay",18,4,6,1898,2966,18,"NAYARIT",2,17,"TEPIC","URBANO(A)"
"505",755,17,"nay",18,3,11,1027,1517,18,"NAYARIT",2,17,"TEPIC","URBANO(A)"
"506",756,17,"nay",18,3,11,1134,1614,18,"NAYARIT",2,17,"TEPIC","URBANO(A)"
"507",757,17,"nay",18,3,11,895,1326,18,"NAYARIT",2,17,"TEPIC","URBANO(A)"
"508",759,17,"nay",18,3,7,1352,2037,18,"NAYARIT",2,17,"TEPIC","URBANO(A)"
"509",760,17,"nay",18,3,7,3384,5418,18,"NAYARIT",2,17,"TEPIC","URBANO(A)"
"510",761,17,"nay",18,3,7,498,700,18,"NAYARIT",2,17,"TEPIC","URBANO(A)"
"511",762,17,"nay",18,3,7,1270,1881,18,"NAYARIT",2,17,"TEPIC","URBANO(A)"
"512",763,17,"nay",18,3,14,1503,2452,18,"NAYARIT",2,17,"TEPIC","URBANO(A)"
"513",764,17,"nay",18,3,14,3635,5539,18,"NAYARIT",2,17,"TEPIC","URBANO(A)"
"514",765,17,"nay",18,3,11,2202,3313,18,"NAYARIT",2,17,"TEPIC","URBANO(A)"
"515",766,17,"nay",18,3,14,1388,2215,18,"NAYARIT",2,17,"TEPIC","URBANO(A)"
"516",767,17,"nay",18,3,7,806,1119,18,"NAYARIT",2,17,"TEPIC","URBANO(A)"
"517",768,17,"nay",18,2,6,83,128,18,"NAYARIT",2,17,"TEPIC","RURAL"
"518",769,17,"nay",18,2,6,595,1041,18,"NAYARIT",2,17,"TEPIC","RURAL"
"519",770,17,"nay",18,4,6,1346,2145,18,"NAYARIT",2,17,"TEPIC","MIXTO(A)"
"520",771,17,"nay",18,4,6,460,788,18,"NAYARIT",2,17,"TEPIC","RURAL"
"521",772,17,"nay",18,2,6,367,643,18,"NAYARIT",2,17,"TEPIC","RURAL"
"522",773,17,"nay",18,4,6,368,587,18,"NAYARIT",2,17,"TEPIC","RURAL"
"523",774,17,"nay",18,2,6,1120,1832,18,"NAYARIT",2,17,"TEPIC","RURAL"
"524",775,17,"nay",18,4,6,220,333,18,"NAYARIT",2,17,"TEPIC","RURAL"
"525",776,17,"nay",18,4,6,72,105,18,"NAYARIT",2,17,"TEPIC","RURAL"
"526",777,17,"nay",18,4,6,1496,1616,18,"NAYARIT",2,17,"TEPIC","RURAL"
"527",778,17,"nay",18,2,6,398,646,18,"NAYARIT",2,17,"TEPIC","RURAL"
"528",779,17,"nay",18,2,6,807,1215,18,"NAYARIT",2,17,"TEPIC","URBANO(A)"
"529",780,17,"nay",18,2,6,1484,2340,18,"NAYARIT",2,17,"TEPIC","URBANO(A)"
"530",781,17,"nay",18,2,6,918,1498,18,"NAYARIT",2,17,"TEPIC","MIXTO(A)"
"531",782,17,"nay",18,2,6,854,1321,18,"NAYARIT",2,17,"TEPIC","URBANO(A)"
"532",783,17,"nay",18,2,6,811,1154,18,"NAYARIT",2,17,"TEPIC","URBANO(A)"
"533",784,17,"nay",18,2,7,323,565,18,"NAYARIT",2,17,"TEPIC","RURAL"
"534",785,17,"nay",18,2,7,1147,1925,18,"NAYARIT",2,17,"TEPIC","RURAL"
"535",786,17,"nay",18,2,7,343,570,18,"NAYARIT",2,17,"TEPIC","RURAL"
"536",787,17,"nay",18,2,6,305,452,18,"NAYARIT",2,17,"TEPIC","RURAL"
"537",788,17,"nay",18,2,6,776,1102,18,"NAYARIT",2,17,"TEPIC","URBANO(A)"
"538",789,17,"nay",18,2,6,803,1189,18,"NAYARIT",2,17,"TEPIC","URBANO(A)"
"539",790,17,"nay",18,4,6,249,399,18,"NAYARIT",2,17,"TEPIC","RURAL"
"540",791,17,"nay",18,4,6,117,200,18,"NAYARIT",2,17,"TEPIC","RURAL"
"541",792,17,"nay",18,4,6,574,930,18,"NAYARIT",2,17,"TEPIC","RURAL"
"542",793,17,"nay",18,4,6,153,241,18,"NAYARIT",2,17,"TEPIC","RURAL"
"543",794,17,"nay",18,4,6,383,606,18,"NAYARIT",2,17,"TEPIC","RURAL"
"544",795,17,"nay",18,4,6,814,1344,18,"NAYARIT",2,17,"TEPIC","RURAL"
"545",796,17,"nay",18,2,7,873,1379,18,"NAYARIT",2,17,"TEPIC","RURAL"
"546",797,17,"nay",18,3,7,707,1187,18,"NAYARIT",2,17,"TEPIC","RURAL"
"547",798,17,"nay",18,2,8,451,747,18,"NAYARIT",2,17,"TEPIC","RURAL"
"548",799,17,"nay",18,2,7,3882,6461,18,"NAYARIT",2,17,"TEPIC","MIXTO(A)"
"549",800,17,"nay",18,4,6,734,1185,18,"NAYARIT",2,17,"TEPIC","RURAL"
"550",801,17,"nay",18,4,6,801,1220,18,"NAYARIT",2,17,"TEPIC","RURAL"
"551",802,17,"nay",18,4,6,650,1079,18,"NAYARIT",2,17,"TEPIC","RURAL"
"552",803,17,"nay",18,4,6,855,1349,18,"NAYARIT",2,17,"TEPIC","RURAL"
"553",804,17,"nay",18,3,7,2966,4817,18,"NAYARIT",2,17,"TEPIC","MIXTO(A)"
"554",805,17,"nay",18,3,7,1002,1542,18,"NAYARIT",2,17,"TEPIC","MIXTO(A)"
"555",806,17,"nay",18,4,6,1232,1935,18,"NAYARIT",2,17,"TEPIC","RURAL"
"556",807,17,"nay",18,3,7,1519,2360,18,"NAYARIT",2,17,"TEPIC","URBANO(A)"
"557",808,17,"nay",18,3,7,608,914,18,"NAYARIT",2,17,"TEPIC","RURAL"
"558",809,17,"nay",18,3,11,797,1179,18,"NAYARIT",2,17,"TEPIC","URBANO(A)"
"559",879,17,"nay",18,2,9,800,1435,18,"NAYARIT",2,17,"TEPIC","URBANO(A)"
"560",880,17,"nay",18,2,8,636,945,18,"NAYARIT",2,17,"TEPIC","URBANO(A)"
"561",881,17,"nay",18,2,8,631,988,18,"NAYARIT",2,17,"TEPIC","URBANO(A)"
"562",882,17,"nay",18,2,8,627,1101,18,"NAYARIT",2,17,"TEPIC","MIXTO(A)"
"563",883,17,"nay",18,2,8,817,1318,18,"NAYARIT",2,17,"TEPIC","URBANO(A)"
"564",884,17,"nay",18,2,8,628,1106,18,"NAYARIT",2,17,"TEPIC","URBANO(A)"
"565",885,17,"nay",18,2,8,645,1019,18,"NAYARIT",2,17,"TEPIC","URBANO(A)"
"566",886,17,"nay",18,2,8,628,1062,18,"NAYARIT",2,17,"TEPIC","URBANO(A)"
"567",887,17,"nay",18,2,8,355,592,18,"NAYARIT",2,17,"TEPIC","URBANO(A)"
"568",888,17,"nay",18,2,8,655,1005,18,"NAYARIT",2,17,"TEPIC","URBANO(A)"
"569",889,17,"nay",18,2,8,369,624,18,"NAYARIT",2,17,"TEPIC","URBANO(A)"
"570",890,17,"nay",18,2,8,834,1366,18,"NAYARIT",2,17,"TEPIC","URBANO(A)"
"571",891,17,"nay",18,2,8,680,1106,18,"NAYARIT",2,17,"TEPIC","URBANO(A)"
"572",892,17,"nay",18,2,8,753,1230,18,"NAYARIT",2,17,"TEPIC","URBANO(A)"
"573",893,17,"nay",18,2,8,304,563,18,"NAYARIT",2,17,"TEPIC","URBANO(A)"
"574",894,17,"nay",18,2,8,714,1106,18,"NAYARIT",2,17,"TEPIC","URBANO(A)"
"575",895,17,"nay",18,2,8,897,1385,18,"NAYARIT",2,17,"TEPIC","URBANO(A)"
"576",896,17,"nay",18,2,8,888,1440,18,"NAYARIT",2,17,"TEPIC","URBANO(A)"
"577",897,17,"nay",18,2,8,447,762,18,"NAYARIT",2,17,"TEPIC","URBANO(A)"
"578",898,17,"nay",18,2,8,383,652,18,"NAYARIT",2,17,"TEPIC","URBANO(A)"
"579",899,17,"nay",18,2,8,863,1371,18,"NAYARIT",2,17,"TEPIC","URBANO(A)"
"580",900,17,"nay",18,2,8,520,851,18,"NAYARIT",2,17,"TEPIC","URBANO(A)"
"581",901,17,"nay",18,2,8,481,793,18,"NAYARIT",2,17,"TEPIC","URBANO(A)"
"582",902,17,"nay",18,2,8,721,1177,18,"NAYARIT",2,17,"TEPIC","URBANO(A)"
"583",903,17,"nay",18,2,8,698,1113,18,"NAYARIT",2,17,"TEPIC","URBANO(A)"
"584",904,17,"nay",18,2,8,900,1479,18,"NAYARIT",2,17,"TEPIC","URBANO(A)"
"585",905,17,"nay",18,2,8,959,1621,18,"NAYARIT",2,17,"TEPIC","URBANO(A)"
"586",906,17,"nay",18,2,8,686,1052,18,"NAYARIT",2,17,"TEPIC","URBANO(A)"
"587",907,17,"nay",18,2,8,543,922,18,"NAYARIT",2,17,"TEPIC","URBANO(A)"
"588",908,17,"nay",18,2,8,823,1304,18,"NAYARIT",2,17,"TEPIC","URBANO(A)"
"589",909,17,"nay",18,2,8,609,1146,18,"NAYARIT",2,17,"TEPIC","URBANO(A)"
"590",910,17,"nay",18,2,8,867,1532,18,"NAYARIT",2,17,"TEPIC","URBANO(A)"
"591",911,17,"nay",18,5,6,659,1160,18,"NAYARIT",2,17,"TEPIC","URBANO(A)"
"592",912,17,"nay",18,5,6,463,747,18,"NAYARIT",2,17,"TEPIC","URBANO(A)"
"593",913,17,"nay",18,5,6,641,892,18,"NAYARIT",2,17,"TEPIC","URBANO(A)"
"594",914,17,"nay",18,5,6,804,1284,18,"NAYARIT",2,17,"TEPIC","URBANO(A)"
"595",915,17,"nay",18,5,6,431,694,18,"NAYARIT",2,17,"TEPIC","URBANO(A)"
"596",916,17,"nay",18,5,6,447,656,18,"NAYARIT",2,17,"TEPIC","URBANO(A)"
"597",917,17,"nay",18,5,6,732,1132,18,"NAYARIT",2,17,"TEPIC","URBANO(A)"
"598",918,17,"nay",18,4,6,527,778,18,"NAYARIT",2,17,"TEPIC","URBANO(A)"
"599",919,17,"nay",18,4,6,437,668,18,"NAYARIT",2,17,"TEPIC","URBANO(A)"
"600",920,17,"nay",18,4,6,866,1264,18,"NAYARIT",2,17,"TEPIC","URBANO(A)"
"601",921,17,"nay",18,4,6,481,621,18,"NAYARIT",2,17,"TEPIC","URBANO(A)"
"602",922,17,"nay",18,4,6,516,768,18,"NAYARIT",2,17,"TEPIC","URBANO(A)"
"603",923,17,"nay",18,1,12,678,1014,18,"NAYARIT",2,17,"TEPIC","URBANO(A)"
"604",924,17,"nay",18,1,12,633,1067,18,"NAYARIT",2,17,"TEPIC","URBANO(A)"
"605",925,17,"nay",18,1,12,649,1087,18,"NAYARIT",2,17,"TEPIC","URBANO(A)"
"606",926,17,"nay",18,1,12,829,1316,18,"NAYARIT",2,17,"TEPIC","URBANO(A)"
"607",927,17,"nay",18,1,12,597,1004,18,"NAYARIT",2,17,"TEPIC","URBANO(A)"
"608",928,17,"nay",18,1,12,448,786,18,"NAYARIT",2,17,"TEPIC","URBANO(A)"
"609",929,17,"nay",18,1,12,945,1449,18,"NAYARIT",2,17,"TEPIC","URBANO(A)"
"610",930,17,"nay",18,1,12,876,1442,18,"NAYARIT",2,17,"TEPIC","URBANO(A)"
"611",931,17,"nay",18,1,7,835,1281,18,"NAYARIT",2,17,"TEPIC","URBANO(A)"
"612",932,17,"nay",18,1,12,1127,1875,18,"NAYARIT",2,17,"TEPIC","URBANO(A)"
"613",933,17,"nay",18,1,12,541,902,18,"NAYARIT",2,17,"TEPIC","URBANO(A)"
"614",934,17,"nay",18,1,12,822,1271,18,"NAYARIT",2,17,"TEPIC","URBANO(A)"
"615",935,17,"nay",18,1,12,700,1113,18,"NAYARIT",2,17,"TEPIC","URBANO(A)"
"616",936,17,"nay",18,1,12,941,1462,18,"NAYARIT",2,17,"TEPIC","URBANO(A)"
"617",937,17,"nay",18,1,12,641,974,18,"NAYARIT",2,17,"TEPIC","URBANO(A)"
"618",938,17,"nay",18,1,7,548,861,18,"NAYARIT",2,17,"TEPIC","URBANO(A)"
"619",939,17,"nay",18,1,12,1172,1964,18,"NAYARIT",2,17,"TEPIC","URBANO(A)"
"620",940,17,"nay",18,1,12,841,1294,18,"NAYARIT",2,17,"TEPIC","URBANO(A)"
"621",941,17,"nay",18,1,12,730,1087,18,"NAYARIT",2,17,"TEPIC","URBANO(A)"
"622",942,17,"nay",18,1,12,1096,1629,18,"NAYARIT",2,17,"TEPIC","URBANO(A)"
"623",943,17,"nay",18,1,12,555,833,18,"NAYARIT",2,17,"TEPIC","URBANO(A)"
"624",944,17,"nay",18,1,12,584,847,18,"NAYARIT",2,17,"TEPIC","URBANO(A)"
"625",945,17,"nay",18,3,7,705,1171,18,"NAYARIT",2,17,"TEPIC","URBANO(A)"
"626",946,17,"nay",18,3,7,610,1058,18,"NAYARIT",2,17,"TEPIC","URBANO(A)"
"627",947,17,"nay",18,3,7,513,922,18,"NAYARIT",2,17,"TEPIC","URBANO(A)"
"628",948,17,"nay",18,3,7,621,1041,18,"NAYARIT",2,17,"TEPIC","URBANO(A)"
"629",949,17,"nay",18,3,7,444,740,18,"NAYARIT",2,17,"TEPIC","URBANO(A)"
"630",950,17,"nay",18,3,7,537,843,18,"NAYARIT",2,17,"TEPIC","URBANO(A)"
"631",951,17,"nay",18,3,7,398,665,18,"NAYARIT",2,17,"TEPIC","URBANO(A)"
"632",952,17,"nay",18,3,7,728,1262,18,"NAYARIT",2,17,"TEPIC","URBANO(A)"
"633",953,17,"nay",18,3,7,699,1202,18,"NAYARIT",2,17,"TEPIC","URBANO(A)"
"634",954,17,"nay",18,3,7,575,986,18,"NAYARIT",2,17,"TEPIC","URBANO(A)"
"635",955,17,"nay",18,3,7,488,846,18,"NAYARIT",2,17,"TEPIC","URBANO(A)"
"636",956,17,"nay",18,3,7,488,836,18,"NAYARIT",2,17,"TEPIC","URBANO(A)"
"637",957,17,"nay",18,3,7,709,1260,18,"NAYARIT",2,17,"TEPIC","URBANO(A)"
"638",958,17,"nay",18,3,7,573,990,18,"NAYARIT",2,17,"TEPIC","URBANO(A)"
"639",959,17,"nay",18,3,7,550,941,18,"NAYARIT",2,17,"TEPIC","URBANO(A)"
"640",960,17,"nay",18,3,7,833,1419,18,"NAYARIT",2,17,"TEPIC","URBANO(A)"
"641",961,17,"nay",18,3,7,941,1641,18,"NAYARIT",2,17,"TEPIC","URBANO(A)"
"642",962,17,"nay",18,3,7,486,866,18,"NAYARIT",2,17,"TEPIC","URBANO(A)"
"643",963,17,"nay",18,3,7,916,1523,18,"NAYARIT",2,17,"TEPIC","URBANO(A)"
"644",964,17,"nay",18,3,7,410,713,18,"NAYARIT",2,17,"TEPIC","URBANO(A)"
"645",965,17,"nay",18,3,7,705,1202,18,"NAYARIT",2,17,"TEPIC","URBANO(A)"
"646",966,17,"nay",18,3,7,353,550,18,"NAYARIT",2,17,"TEPIC","URBANO(A)"
"647",967,17,"nay",18,3,7,351,559,18,"NAYARIT",2,17,"TEPIC","URBANO(A)"
"648",968,17,"nay",18,3,7,374,581,18,"NAYARIT",2,17,"TEPIC","URBANO(A)"
"649",969,17,"nay",18,3,7,450,743,18,"NAYARIT",2,17,"TEPIC","URBANO(A)"
"650",970,17,"nay",18,3,7,331,543,18,"NAYARIT",2,17,"TEPIC","URBANO(A)"
"651",971,17,"nay",18,3,7,473,745,18,"NAYARIT",2,17,"TEPIC","URBANO(A)"
"652",49,2,"nay",18,7,16,525,835,18,"NAYARIT",3,2,"AHUACATLAN","URBANO(A)"
"653",50,2,"nay",18,7,16,721,1075,18,"NAYARIT",3,2,"AHUACATLAN","URBANO(A)"
"654",51,2,"nay",18,7,16,582,847,18,"NAYARIT",3,2,"AHUACATLAN","URBANO(A)"
"655",52,2,"nay",18,7,16,981,1546,18,"NAYARIT",3,2,"AHUACATLAN","URBANO(A)"
"656",53,2,"nay",18,7,16,854,1238,18,"NAYARIT",3,2,"AHUACATLAN","URBANO(A)"
"657",54,2,"nay",18,7,16,871,1223,18,"NAYARIT",3,2,"AHUACATLAN","URBANO(A)"
"658",55,2,"nay",18,7,16,226,334,18,"NAYARIT",3,2,"AHUACATLAN","URBANO(A)"
"659",56,2,"nay",18,7,16,569,820,18,"NAYARIT",3,2,"AHUACATLAN","URBANO(A)"
"660",57,2,"nay",18,7,16,753,1038,18,"NAYARIT",3,2,"AHUACATLAN","RURAL"
"661",58,2,"nay",18,7,16,494,685,18,"NAYARIT",3,2,"AHUACATLAN","RURAL"
"662",59,2,"nay",18,7,16,1148,1714,18,"NAYARIT",3,2,"AHUACATLAN","RURAL"
"663",60,2,"nay",18,7,16,509,753,18,"NAYARIT",3,2,"AHUACATLAN","RURAL"
"664",61,2,"nay",18,7,16,710,1142,18,"NAYARIT",3,2,"AHUACATLAN","RURAL"
"665",62,2,"nay",18,7,16,234,365,18,"NAYARIT",3,2,"AHUACATLAN","RURAL"
"666",63,2,"nay",18,7,16,267,441,18,"NAYARIT",3,2,"AHUACATLAN","RURAL"
"667",64,2,"nay",18,7,16,191,294,18,"NAYARIT",3,2,"AHUACATLAN","RURAL"
"668",65,2,"nay",18,7,16,568,895,18,"NAYARIT",3,2,"AHUACATLAN","RURAL"
"669",66,3,"nay",18,13,16,364,548,18,"NAYARIT",3,3,"AMATLAN DE CAAS","URBANO(A)"
"670",67,3,"nay",18,13,16,628,963,18,"NAYARIT",3,3,"AMATLAN DE CAAS","MIXTO(A)"
"671",68,3,"nay",18,13,16,595,853,18,"NAYARIT",3,3,"AMATLAN DE CAAS","URBANO(A)"
"672",69,3,"nay",18,13,16,414,587,18,"NAYARIT",3,3,"AMATLAN DE CAAS","MIXTO(A)"
"673",70,3,"nay",18,13,16,181,259,18,"NAYARIT",3,3,"AMATLAN DE CAAS","URBANO(A)"
"674",71,3,"nay",18,13,16,172,256,18,"NAYARIT",3,3,"AMATLAN DE CAAS","RURAL"
"675",72,3,"nay",18,13,16,87,134,18,"NAYARIT",3,3,"AMATLAN DE CAAS","RURAL"
"676",73,3,"nay",18,13,16,62,86,18,"NAYARIT",3,3,"AMATLAN DE CAAS","RURAL"
"677",74,3,"nay",18,13,16,350,532,18,"NAYARIT",3,3,"AMATLAN DE CAAS","RURAL"
"678",75,3,"nay",18,13,16,393,603,18,"NAYARIT",3,3,"AMATLAN DE CAAS","RURAL"
"679",76,3,"nay",18,13,16,114,152,18,"NAYARIT",3,3,"AMATLAN DE CAAS","RURAL"
"680",77,3,"nay",18,13,16,435,648,18,"NAYARIT",3,3,"AMATLAN DE CAAS","MIXTO(A)"
"681",78,3,"nay",18,13,16,461,689,18,"NAYARIT",3,3,"AMATLAN DE CAAS","URBANO(A)"
"682",79,3,"nay",18,13,16,684,977,18,"NAYARIT",3,3,"AMATLAN DE CAAS","RURAL"
"683",80,3,"nay",18,13,16,421,588,18,"NAYARIT",3,3,"AMATLAN DE CAAS","URBANO(A)"
"684",81,3,"nay",18,13,16,176,248,18,"NAYARIT",3,3,"AMATLAN DE CAAS","URBANO(A)"
"685",82,3,"nay",18,13,16,426,616,18,"NAYARIT",3,3,"AMATLAN DE CAAS","URBANO(A)"
"686",83,3,"nay",18,13,16,503,770,18,"NAYARIT",3,3,"AMATLAN DE CAAS","URBANO(A)"
"687",84,3,"nay",18,13,16,94,133,18,"NAYARIT",3,3,"AMATLAN DE CAAS","RURAL"
"688",86,3,"nay",18,13,16,221,361,18,"NAYARIT",3,3,"AMATLAN DE CAAS","RURAL"
"689",87,3,"nay",18,13,16,55,63,18,"NAYARIT",3,3,"AMATLAN DE CAAS","RURAL"
"690",88,3,"nay",18,13,16,332,537,18,"NAYARIT",3,3,"AMATLAN DE CAAS","RURAL"
"691",89,3,"nay",18,13,16,323,540,18,"NAYARIT",3,3,"AMATLAN DE CAAS","RURAL"
"692",90,4,"nay",18,14,18,14590,23216,18,"NAYARIT",3,4,"BAHIA DE BANDERAS","MIXTO(A)"
"693",91,4,"nay",18,14,17,677,1053,18,"NAYARIT",3,4,"BAHIA DE BANDERAS","URBANO(A)"
"694",92,4,"nay",18,14,17,495,795,18,"NAYARIT",3,4,"BAHIA DE BANDERAS","URBANO(A)"
"695",93,4,"nay",18,14,17,122,178,18,"NAYARIT",3,4,"BAHIA DE BANDERAS","RURAL"
"696",94,4,"nay",18,14,17,495,763,18,"NAYARIT",3,4,"BAHIA DE BANDERAS","RURAL"
"697",95,4,"nay",18,14,17,394,622,18,"NAYARIT",3,4,"BAHIA DE BANDERAS","RURAL"
"698",96,4,"nay",18,14,17,1339,2106,18,"NAYARIT",3,4,"BAHIA DE BANDERAS","RURAL"
"699",97,4,"nay",18,14,17,1030,1539,18,"NAYARIT",3,4,"BAHIA DE BANDERAS","RURAL"
"700",98,4,"nay",18,14,17,2137,3430,18,"NAYARIT",3,4,"BAHIA DE BANDERAS","MIXTO(A)"
"701",99,4,"nay",18,14,17,681,1115,18,"NAYARIT",3,4,"BAHIA DE BANDERAS","MIXTO(A)"
"702",100,4,"nay",18,14,17,1223,1916,18,"NAYARIT",3,4,"BAHIA DE BANDERAS","URBANO(A)"
"703",101,4,"nay",18,14,17,1269,1988,18,"NAYARIT",3,4,"BAHIA DE BANDERAS","URBANO(A)"
"704",102,4,"nay",18,14,17,1027,1626,18,"NAYARIT",3,4,"BAHIA DE BANDERAS","URBANO(A)"
"705",103,4,"nay",18,14,17,937,1403,18,"NAYARIT",3,4,"BAHIA DE BANDERAS","URBANO(A)"
"706",104,4,"nay",18,14,17,1732,2625,18,"NAYARIT",3,4,"BAHIA DE BANDERAS","URBANO(A)"
"707",105,4,"nay",18,14,17,1296,1952,18,"NAYARIT",3,4,"BAHIA DE BANDERAS","URBANO(A)"
"708",106,4,"nay",18,14,17,1348,2085,18,"NAYARIT",3,4,"BAHIA DE BANDERAS","URBANO(A)"
"709",107,4,"nay",18,14,17,1800,2828,18,"NAYARIT",3,4,"BAHIA DE BANDERAS","MIXTO(A)"
"710",108,4,"nay",18,14,17,1156,1829,18,"NAYARIT",3,4,"BAHIA DE BANDERAS","URBANO(A)"
"711",109,4,"nay",18,14,17,850,1380,18,"NAYARIT",3,4,"BAHIA DE BANDERAS","RURAL"
"712",110,4,"nay",18,14,17,1438,2366,18,"NAYARIT",3,4,"BAHIA DE BANDERAS","RURAL"
"713",111,4,"nay",18,14,17,3667,6070,18,"NAYARIT",3,4,"BAHIA DE BANDERAS","MIXTO(A)"
"714",112,4,"nay",18,14,17,3797,6244,18,"NAYARIT",3,4,"BAHIA DE BANDERAS","URBANO(A)"
"715",113,4,"nay",18,14,17,1066,1663,18,"NAYARIT",3,4,"BAHIA DE BANDERAS","MIXTO(A)"
"716",114,4,"nay",18,14,17,2020,3214,18,"NAYARIT",3,4,"BAHIA DE BANDERAS","MIXTO(A)"
"717",115,4,"nay",18,14,17,6095,10431,18,"NAYARIT",3,4,"BAHIA DE BANDERAS","MIXTO(A)"
"718",116,4,"nay",18,14,18,6131,10308,18,"NAYARIT",3,4,"BAHIA DE BANDERAS","URBANO(A)"
"719",117,4,"nay",18,14,18,2003,3132,18,"NAYARIT",3,4,"BAHIA DE BANDERAS","URBANO(A)"
"720",118,4,"nay",18,14,18,5916,9541,18,"NAYARIT",3,4,"BAHIA DE BANDERAS","MIXTO(A)"
"721",119,4,"nay",18,14,18,2890,4821,18,"NAYARIT",3,4,"BAHIA DE BANDERAS","URBANO(A)"
"722",120,4,"nay",18,14,18,2899,4843,18,"NAYARIT",3,4,"BAHIA DE BANDERAS","MIXTO(A)"
"723",121,4,"nay",18,14,18,1351,2117,18,"NAYARIT",3,4,"BAHIA DE BANDERAS","URBANO(A)"
"724",122,4,"nay",18,14,18,1648,2550,18,"NAYARIT",3,4,"BAHIA DE BANDERAS","URBANO(A)"
"725",123,4,"nay",18,14,18,1533,2456,18,"NAYARIT",3,4,"BAHIA DE BANDERAS","MIXTO(A)"
"726",124,5,"nay",18,8,15,746,1166,18,"NAYARIT",3,5,"COMPOSTELA","URBANO(A)"
"727",125,5,"nay",18,8,15,992,1398,18,"NAYARIT",3,5,"COMPOSTELA","URBANO(A)"
"728",126,5,"nay",18,8,15,1261,2083,18,"NAYARIT",3,5,"COMPOSTELA","MIXTO(A)"
"729",127,5,"nay",18,8,15,481,689,18,"NAYARIT",3,5,"COMPOSTELA","URBANO(A)"
"730",128,5,"nay",18,8,15,672,934,18,"NAYARIT",3,5,"COMPOSTELA","MIXTO(A)"
"731",129,5,"nay",18,8,15,577,801,18,"NAYARIT",3,5,"COMPOSTELA","URBANO(A)"
"732",130,5,"nay",18,8,15,622,854,18,"NAYARIT",3,5,"COMPOSTELA","URBANO(A)"
"733",131,5,"nay",18,8,15,530,709,18,"NAYARIT",3,5,"COMPOSTELA","URBANO(A)"
"734",132,5,"nay",18,8,15,1152,1805,18,"NAYARIT",3,5,"COMPOSTELA","URBANO(A)"
"735",133,5,"nay",18,8,15,1120,1837,18,"NAYARIT",3,5,"COMPOSTELA","URBANO(A)"
"736",134,5,"nay",18,8,15,738,1054,18,"NAYARIT",3,5,"COMPOSTELA","URBANO(A)"
"737",135,5,"nay",18,8,15,738,1021,18,"NAYARIT",3,5,"COMPOSTELA","URBANO(A)"
"738",136,5,"nay",18,8,15,527,730,18,"NAYARIT",3,5,"COMPOSTELA","URBANO(A)"
"739",137,5,"nay",18,8,15,1140,1751,18,"NAYARIT",3,5,"COMPOSTELA","MIXTO(A)"
"740",138,5,"nay",18,8,15,574,831,18,"NAYARIT",3,5,"COMPOSTELA","MIXTO(A)"
"741",139,5,"nay",18,8,10,579,920,18,"NAYARIT",3,5,"COMPOSTELA","RURAL"
"742",140,5,"nay",18,8,15,360,536,18,"NAYARIT",3,5,"COMPOSTELA","RURAL"
"743",141,5,"nay",18,8,15,572,885,18,"NAYARIT",3,5,"COMPOSTELA","RURAL"
"744",142,5,"nay",18,8,15,97,135,18,"NAYARIT",3,5,"COMPOSTELA","RURAL"
"745",143,5,"nay",18,8,15,260,404,18,"NAYARIT",3,5,"COMPOSTELA","RURAL"
"746",144,5,"nay",18,8,10,688,1084,18,"NAYARIT",3,5,"COMPOSTELA","MIXTO(A)"
"747",145,5,"nay",18,8,10,578,862,18,"NAYARIT",3,5,"COMPOSTELA","MIXTO(A)"
"748",146,5,"nay",18,8,10,166,229,18,"NAYARIT",3,5,"COMPOSTELA","RURAL"
"749",147,5,"nay",18,8,10,370,580,18,"NAYARIT",3,5,"COMPOSTELA","RURAL"
"750",148,5,"nay",18,8,10,601,890,18,"NAYARIT",3,5,"COMPOSTELA","URBANO(A)"
"751",149,5,"nay",18,8,10,466,669,18,"NAYARIT",3,5,"COMPOSTELA","URBANO(A)"
"752",150,5,"nay",18,8,10,478,715,18,"NAYARIT",3,5,"COMPOSTELA","URBANO(A)"
"753",151,5,"nay",18,8,10,999,1531,18,"NAYARIT",3,5,"COMPOSTELA","MIXTO(A)"
"754",152,5,"nay",18,8,10,772,1226,18,"NAYARIT",3,5,"COMPOSTELA","URBANO(A)"
"755",153,5,"nay",18,8,15,230,354,18,"NAYARIT",3,5,"COMPOSTELA","RURAL"
"756",154,5,"nay",18,8,10,275,420,18,"NAYARIT",3,5,"COMPOSTELA","RURAL"
"757",155,5,"nay",18,8,15,379,541,18,"NAYARIT",3,5,"COMPOSTELA","URBANO(A)"
"758",156,5,"nay",18,8,15,346,476,18,"NAYARIT",3,5,"COMPOSTELA","MIXTO(A)"
"759",157,5,"nay",18,8,15,566,916,18,"NAYARIT",3,5,"COMPOSTELA","RURAL"
"760",158,5,"nay",18,8,10,885,1512,18,"NAYARIT",3,5,"COMPOSTELA","URBANO(A)"
"761",159,5,"nay",18,8,10,700,1186,18,"NAYARIT",3,5,"COMPOSTELA","URBANO(A)"
"762",160,5,"nay",18,8,10,582,894,18,"NAYARIT",3,5,"COMPOSTELA","URBANO(A)"
"763",161,5,"nay",18,8,15,919,1396,18,"NAYARIT",3,5,"COMPOSTELA","URBANO(A)"
"764",162,5,"nay",18,8,15,493,758,18,"NAYARIT",3,5,"COMPOSTELA","MIXTO(A)"
"765",163,5,"nay",18,8,15,694,1188,18,"NAYARIT",3,5,"COMPOSTELA","URBANO(A)"
"766",164,5,"nay",18,8,15,665,1019,18,"NAYARIT",3,5,"COMPOSTELA","URBANO(A)"
"767",165,5,"nay",18,8,15,557,825,18,"NAYARIT",3,5,"COMPOSTELA","URBANO(A)"
"768",166,5,"nay",18,8,15,735,1159,18,"NAYARIT",3,5,"COMPOSTELA","URBANO(A)"
"769",167,5,"nay",18,8,15,964,1587,18,"NAYARIT",3,5,"COMPOSTELA","MIXTO(A)"
"770",168,5,"nay",18,8,15,1044,1599,18,"NAYARIT",3,5,"COMPOSTELA","URBANO(A)"
"771",169,5,"nay",18,8,15,677,1059,18,"NAYARIT",3,5,"COMPOSTELA","MIXTO(A)"
"772",170,5,"nay",18,8,15,239,347,18,"NAYARIT",3,5,"COMPOSTELA","RURAL"
"773",171,5,"nay",18,8,15,704,1058,18,"NAYARIT",3,5,"COMPOSTELA","RURAL"
"774",172,5,"nay",18,8,15,80,116,18,"NAYARIT",3,5,"COMPOSTELA","RURAL"
"775",173,5,"nay",18,8,15,706,999,18,"NAYARIT",3,5,"COMPOSTELA","RURAL"
"776",174,5,"nay",18,8,15,97,122,18,"NAYARIT",3,5,"COMPOSTELA","RURAL"
"777",175,5,"nay",18,8,15,377,536,18,"NAYARIT",3,5,"COMPOSTELA","URBANO(A)"
"778",176,5,"nay",18,8,15,432,618,18,"NAYARIT",3,5,"COMPOSTELA","URBANO(A)"
"779",177,5,"nay",18,8,15,772,1175,18,"NAYARIT",3,5,"COMPOSTELA","RURAL"
"780",178,5,"nay",18,8,15,311,473,18,"NAYARIT",3,5,"COMPOSTELA","RURAL"
"781",179,5,"nay",18,8,15,402,624,18,"NAYARIT",3,5,"COMPOSTELA","RURAL"
"782",180,5,"nay",18,8,15,593,942,18,"NAYARIT",3,5,"COMPOSTELA","RURAL"
"783",181,5,"nay",18,8,15,268,448,18,"NAYARIT",3,5,"COMPOSTELA","RURAL"
"784",182,5,"nay",18,14,15,164,239,18,"NAYARIT",3,5,"COMPOSTELA","RURAL"
"785",183,5,"nay",18,14,15,714,1113,18,"NAYARIT",3,5,"COMPOSTELA","MIXTO(A)"
"786",184,5,"nay",18,14,15,1339,2236,18,"NAYARIT",3,5,"COMPOSTELA","MIXTO(A)"
"787",185,5,"nay",18,14,15,1057,1707,18,"NAYARIT",3,5,"COMPOSTELA","URBANO(A)"
"788",186,5,"nay",18,14,15,479,739,18,"NAYARIT",3,5,"COMPOSTELA","URBANO(A)"
"789",187,5,"nay",18,14,15,504,738,18,"NAYARIT",3,5,"COMPOSTELA","URBANO(A)"
"790",188,5,"nay",18,14,15,829,1327,18,"NAYARIT",3,5,"COMPOSTELA","URBANO(A)"
"791",189,5,"nay",18,14,15,965,1513,18,"NAYARIT",3,5,"COMPOSTELA","URBANO(A)"
"792",190,5,"nay",18,14,15,2899,4833,18,"NAYARIT",3,5,"COMPOSTELA","MIXTO(A)"
"793",191,5,"nay",18,8,15,172,276,18,"NAYARIT",3,5,"COMPOSTELA","RURAL"
"794",192,5,"nay",18,14,15,1147,1809,18,"NAYARIT",3,5,"COMPOSTELA","RURAL"
"795",193,5,"nay",18,14,15,187,290,18,"NAYARIT",3,5,"COMPOSTELA","RURAL"
"796",194,5,"nay",18,14,15,245,405,18,"NAYARIT",3,5,"COMPOSTELA","RURAL"
"797",195,5,"nay",18,14,15,384,654,18,"NAYARIT",3,5,"COMPOSTELA","RURAL"
"798",215,7,"nay",18,13,16,1647,2596,18,"NAYARIT",3,7,"IXTLAN DEL RIO","URBANO(A)"
"799",216,7,"nay",18,13,16,1803,2927,18,"NAYARIT",3,7,"IXTLAN DEL RIO","URBANO(A)"
"800",217,7,"nay",18,13,16,895,1392,18,"NAYARIT",3,7,"IXTLAN DEL RIO","MIXTO(A)"
"801",218,7,"nay",18,13,16,1601,2583,18,"NAYARIT",3,7,"IXTLAN DEL RIO","URBANO(A)"
"802",219,7,"nay",18,13,16,826,1409,18,"NAYARIT",3,7,"IXTLAN DEL RIO","URBANO(A)"
"803",220,7,"nay",18,13,16,872,1388,18,"NAYARIT",3,7,"IXTLAN DEL RIO","URBANO(A)"
"804",221,7,"nay",18,13,16,596,830,18,"NAYARIT",3,7,"IXTLAN DEL RIO","URBANO(A)"
"805",222,7,"nay",18,13,16,663,875,18,"NAYARIT",3,7,"IXTLAN DEL RIO","MIXTO(A)"
"806",223,7,"nay",18,13,16,977,1401,18,"NAYARIT",3,7,"IXTLAN DEL RIO","URBANO(A)"
"807",224,7,"nay",18,13,16,834,1338,18,"NAYARIT",3,7,"IXTLAN DEL RIO","URBANO(A)"
"808",225,7,"nay",18,13,16,529,774,18,"NAYARIT",3,7,"IXTLAN DEL RIO","MIXTO(A)"
"809",226,7,"nay",18,13,16,562,811,18,"NAYARIT",3,7,"IXTLAN DEL RIO","URBANO(A)"
"810",227,7,"nay",18,13,16,439,697,18,"NAYARIT",3,7,"IXTLAN DEL RIO","URBANO(A)"
"811",228,7,"nay",18,13,16,478,668,18,"NAYARIT",3,7,"IXTLAN DEL RIO","URBANO(A)"
"812",229,7,"nay",18,13,16,635,945,18,"NAYARIT",3,7,"IXTLAN DEL RIO","URBANO(A)"
"813",230,7,"nay",18,13,16,1023,1754,18,"NAYARIT",3,7,"IXTLAN DEL RIO","MIXTO(A)"
"814",231,7,"nay",18,13,16,676,987,18,"NAYARIT",3,7,"IXTLAN DEL RIO","MIXTO(A)"
"815",232,7,"nay",18,13,16,456,766,18,"NAYARIT",3,7,"IXTLAN DEL RIO","RURAL"
"816",233,7,"nay",18,13,16,317,504,18,"NAYARIT",3,7,"IXTLAN DEL RIO","RURAL"
"817",234,7,"nay",18,13,16,227,318,18,"NAYARIT",3,7,"IXTLAN DEL RIO","RURAL"
"818",235,7,"nay",18,13,16,252,359,18,"NAYARIT",3,7,"IXTLAN DEL RIO","RURAL"
"819",236,7,"nay",18,13,16,878,1313,18,"NAYARIT",3,7,"IXTLAN DEL RIO","RURAL"
"820",237,7,"nay",18,13,16,128,195,18,"NAYARIT",3,7,"IXTLAN DEL RIO","RURAL"
"821",238,7,"nay",18,13,16,309,447,18,"NAYARIT",3,7,"IXTLAN DEL RIO","RURAL"
"822",239,8,"nay",18,7,13,374,576,18,"NAYARIT",3,8,"JALA","URBANO(A)"
"823",240,8,"nay",18,7,13,448,673,18,"NAYARIT",3,8,"JALA","URBANO(A)"
"824",241,8,"nay",18,7,13,712,1062,18,"NAYARIT",3,8,"JALA","URBANO(A)"
"825",242,8,"nay",18,7,13,793,1247,18,"NAYARIT",3,8,"JALA","MIXTO(A)"
"826",243,8,"nay",18,7,13,480,714,18,"NAYARIT",3,8,"JALA","URBANO(A)"
"827",244,8,"nay",18,7,13,845,1290,18,"NAYARIT",3,8,"JALA","URBANO(A)"
"828",245,8,"nay",18,7,13,117,192,18,"NAYARIT",3,8,"JALA","RURAL"
"829",246,8,"nay",18,7,13,342,624,18,"NAYARIT",3,8,"JALA","RURAL"
"830",247,8,"nay",18,7,13,278,394,18,"NAYARIT",3,8,"JALA","RURAL"
"831",248,8,"nay",18,7,13,956,1808,18,"NAYARIT",3,8,"JALA","MIXTO(A)"
"832",249,8,"nay",18,7,13,712,1262,18,"NAYARIT",3,8,"JALA","URBANO(A)"
"833",250,8,"nay",18,7,13,594,1080,18,"NAYARIT",3,8,"JALA","RURAL"
"834",251,8,"nay",18,7,13,445,842,18,"NAYARIT",3,8,"JALA","RURAL"
"835",252,8,"nay",18,7,13,1128,1942,18,"NAYARIT",3,8,"JALA","RURAL"
"836",253,8,"nay",18,7,13,1061,1696,18,"NAYARIT",3,8,"JALA","URBANO(A)"
"837",254,8,"nay",18,7,13,499,804,18,"NAYARIT",3,8,"JALA","URBANO(A)"
"838",255,8,"nay",18,7,13,362,544,18,"NAYARIT",3,8,"JALA","URBANO(A)"
"839",256,8,"nay",18,7,13,613,948,18,"NAYARIT",3,8,"JALA","URBANO(A)"
"840",347,12,"nay",18,9,10,1707,2597,18,"NAYARIT",3,12,"SAN BLAS","URBANO(A)"
"841",348,12,"nay",18,9,10,1209,2037,18,"NAYARIT",3,12,"SAN BLAS","URBANO(A)"
"842",349,12,"nay",18,9,10,804,1237,18,"NAYARIT",3,12,"SAN BLAS","URBANO(A)"
"843",350,12,"nay",18,9,10,1024,1467,18,"NAYARIT",3,12,"SAN BLAS","MIXTO(A)"
"844",351,12,"nay",18,9,10,584,829,18,"NAYARIT",3,12,"SAN BLAS","URBANO(A)"
"845",352,12,"nay",18,9,10,1307,2114,18,"NAYARIT",3,12,"SAN BLAS","URBANO(A)"
"846",353,12,"nay",18,9,10,353,534,18,"NAYARIT",3,12,"SAN BLAS","RURAL"
"847",354,12,"nay",18,9,10,227,328,18,"NAYARIT",3,12,"SAN BLAS","RURAL"
"848",355,12,"nay",18,9,10,235,348,18,"NAYARIT",3,12,"SAN BLAS","RURAL"
"849",356,12,"nay",18,9,10,690,1037,18,"NAYARIT",3,12,"SAN BLAS","URBANO(A)"
"850",357,12,"nay",18,9,10,574,853,18,"NAYARIT",3,12,"SAN BLAS","URBANO(A)"
"851",358,12,"nay",18,9,10,198,285,18,"NAYARIT",3,12,"SAN BLAS","RURAL"
"852",359,12,"nay",18,9,10,702,1138,18,"NAYARIT",3,12,"SAN BLAS","URBANO(A)"
"853",360,12,"nay",18,9,10,679,1042,18,"NAYARIT",3,12,"SAN BLAS","URBANO(A)"
"854",361,12,"nay",18,9,10,785,1269,18,"NAYARIT",3,12,"SAN BLAS","URBANO(A)"
"855",362,12,"nay",18,9,10,248,378,18,"NAYARIT",3,12,"SAN BLAS","RURAL"
"856",363,12,"nay",18,9,10,99,143,18,"NAYARIT",3,12,"SAN BLAS","RURAL"
"857",364,12,"nay",18,9,10,127,194,18,"NAYARIT",3,12,"SAN BLAS","RURAL"
"858",365,12,"nay",18,9,10,368,563,18,"NAYARIT",3,12,"SAN BLAS","RURAL"
"859",366,12,"nay",18,9,10,534,788,18,"NAYARIT",3,12,"SAN BLAS","RURAL"
"860",367,12,"nay",18,9,10,1055,1614,18,"NAYARIT",3,12,"SAN BLAS","RURAL"
"861",368,12,"nay",18,9,10,293,432,18,"NAYARIT",3,12,"SAN BLAS","RURAL"
"862",369,12,"nay",18,9,10,470,637,18,"NAYARIT",3,12,"SAN BLAS","RURAL"
"863",370,12,"nay",18,9,10,352,529,18,"NAYARIT",3,12,"SAN BLAS","RURAL"
"864",371,12,"nay",18,9,10,101,149,18,"NAYARIT",3,12,"SAN BLAS","RURAL"
"865",372,12,"nay",18,9,10,196,318,18,"NAYARIT",3,12,"SAN BLAS","RURAL"
"866",373,12,"nay",18,9,10,312,486,18,"NAYARIT",3,12,"SAN BLAS","RURAL"
"867",374,12,"nay",18,9,10,172,248,18,"NAYARIT",3,12,"SAN BLAS","RURAL"
"868",375,12,"nay",18,9,10,123,210,18,"NAYARIT",3,12,"SAN BLAS","RURAL"
"869",376,12,"nay",18,9,10,1045,1585,18,"NAYARIT",3,12,"SAN BLAS","RURAL"
"870",377,12,"nay",18,9,10,92,142,18,"NAYARIT",3,12,"SAN BLAS","RURAL"
"871",378,12,"nay",18,9,10,165,241,18,"NAYARIT",3,12,"SAN BLAS","RURAL"
"872",379,12,"nay",18,9,10,41,65,18,"NAYARIT",3,12,"SAN BLAS","RURAL"
"873",380,12,"nay",18,9,10,127,201,18,"NAYARIT",3,12,"SAN BLAS","RURAL"
"874",381,12,"nay",18,9,10,135,202,18,"NAYARIT",3,12,"SAN BLAS","RURAL"
"875",382,12,"nay",18,9,10,993,1540,18,"NAYARIT",3,12,"SAN BLAS","MIXTO(A)"
"876",383,12,"nay",18,9,10,740,1126,18,"NAYARIT",3,12,"SAN BLAS","URBANO(A)"
"877",384,12,"nay",18,9,10,364,537,18,"NAYARIT",3,12,"SAN BLAS","RURAL"
"878",385,12,"nay",18,9,10,734,1113,18,"NAYARIT",3,12,"SAN BLAS","RURAL"
"879",386,12,"nay",18,9,10,3600,4414,18,"NAYARIT",3,12,"SAN BLAS","RURAL"
"880",387,12,"nay",18,9,10,805,1263,18,"NAYARIT",3,12,"SAN BLAS","URBANO(A)"
"881",388,12,"nay",18,9,10,307,470,18,"NAYARIT",3,12,"SAN BLAS","URBANO(A)"
"882",389,12,"nay",18,9,10,680,1021,18,"NAYARIT",3,12,"SAN BLAS","URBANO(A)"
"883",390,12,"nay",18,9,10,924,1453,18,"NAYARIT",3,12,"SAN BLAS","URBANO(A)"
"884",391,12,"nay",18,9,10,264,410,18,"NAYARIT",3,12,"SAN BLAS","RURAL"
"885",392,12,"nay",18,9,10,631,916,18,"NAYARIT",3,12,"SAN BLAS","URBANO(A)"
"886",393,12,"nay",18,9,10,429,662,18,"NAYARIT",3,12,"SAN BLAS","MIXTO(A)"
"887",394,12,"nay",18,9,10,223,335,18,"NAYARIT",3,12,"SAN BLAS","RURAL"
"888",395,12,"nay",18,9,10,752,1205,18,"NAYARIT",3,12,"SAN BLAS","RURAL"
"889",396,12,"nay",18,9,10,192,299,18,"NAYARIT",3,12,"SAN BLAS","RURAL"
"890",397,12,"nay",18,9,10,68,116,18,"NAYARIT",3,12,"SAN BLAS","RURAL"
"891",398,13,"nay",18,8,13,630,920,18,"NAYARIT",3,13,"SAN PEDRO LAGUNILLAS","URBANO(A)"
"892",399,13,"nay",18,8,13,549,782,18,"NAYARIT",3,13,"SAN PEDRO LAGUNILLAS","MIXTO(A)"
"893",400,13,"nay",18,8,13,654,982,18,"NAYARIT",3,13,"SAN PEDRO LAGUNILLAS","MIXTO(A)"
"894",401,13,"nay",18,8,13,688,1130,18,"NAYARIT",3,13,"SAN PEDRO LAGUNILLAS","URBANO(A)"
"895",402,13,"nay",18,8,13,153,207,18,"NAYARIT",3,13,"SAN PEDRO LAGUNILLAS","RURAL"
"896",403,13,"nay",18,8,13,213,328,18,"NAYARIT",3,13,"SAN PEDRO LAGUNILLAS","RURAL"
"897",404,13,"nay",18,8,13,271,384,18,"NAYARIT",3,13,"SAN PEDRO LAGUNILLAS","RURAL"
"898",405,13,"nay",18,8,13,88,130,18,"NAYARIT",3,13,"SAN PEDRO LAGUNILLAS","RURAL"
"899",406,13,"nay",18,8,13,414,627,18,"NAYARIT",3,13,"SAN PEDRO LAGUNILLAS","RURAL"
"900",407,13,"nay",18,8,13,182,273,18,"NAYARIT",3,13,"SAN PEDRO LAGUNILLAS","URBANO(A)"
"901",408,13,"nay",18,8,13,350,509,18,"NAYARIT",3,13,"SAN PEDRO LAGUNILLAS","MIXTO(A)"
"902",409,13,"nay",18,8,13,318,428,18,"NAYARIT",3,13,"SAN PEDRO LAGUNILLAS","URBANO(A)"
"903",410,13,"nay",18,8,13,555,810,18,"NAYARIT",3,13,"SAN PEDRO LAGUNILLAS","RURAL"
"904",411,14,"nay",18,3,13,1330,2125,18,"NAYARIT",3,14,"SANTA MARIA DEL ORO","MIXTO(A)"
"905",412,14,"nay",18,3,13,1611,2501,18,"NAYARIT",3,14,"SANTA MARIA DEL ORO","URBANO(A)"
"906",413,14,"nay",18,3,13,235,393,18,"NAYARIT",3,14,"SANTA MARIA DEL ORO","RURAL"
"907",414,14,"nay",18,3,13,302,457,18,"NAYARIT",3,14,"SANTA MARIA DEL ORO","RURAL"
"908",415,14,"nay",18,3,13,839,1280,18,"NAYARIT",3,14,"SANTA MARIA DEL ORO","RURAL"
"909",416,14,"nay",18,3,13,1180,1797,18,"NAYARIT",3,14,"SANTA MARIA DEL ORO","RURAL"
"910",417,14,"nay",18,3,13,149,246,18,"NAYARIT",3,14,"SANTA MARIA DEL ORO","RURAL"
"911",418,14,"nay",18,3,13,320,548,18,"NAYARIT",3,14,"SANTA MARIA DEL ORO","RURAL"
"912",419,14,"nay",18,3,13,450,714,18,"NAYARIT",3,14,"SANTA MARIA DEL ORO","RURAL"
"913",420,14,"nay",18,3,13,359,542,18,"NAYARIT",3,14,"SANTA MARIA DEL ORO","URBANO(A)"
"914",421,14,"nay",18,3,13,1436,2226,18,"NAYARIT",3,14,"SANTA MARIA DEL ORO","URBANO(A)"
"915",422,14,"nay",18,3,13,526,815,18,"NAYARIT",3,14,"SANTA MARIA DEL ORO","RURAL"
"916",423,14,"nay",18,3,13,555,869,18,"NAYARIT",3,14,"SANTA MARIA DEL ORO","RURAL"
"917",424,14,"nay",18,3,13,386,627,18,"NAYARIT",3,14,"SANTA MARIA DEL ORO","RURAL"
"918",425,14,"nay",18,3,13,565,868,18,"NAYARIT",3,14,"SANTA MARIA DEL ORO","RURAL"
"919",426,14,"nay",18,3,13,205,329,18,"NAYARIT",3,14,"SANTA MARIA DEL ORO","RURAL"
"920",427,14,"nay",18,3,13,792,1209,18,"NAYARIT",3,14,"SANTA MARIA DEL ORO","RURAL"
"921",428,14,"nay",18,3,13,110,170,18,"NAYARIT",3,14,"SANTA MARIA DEL ORO","RURAL"
"922",429,14,"nay",18,3,13,782,1183,18,"NAYARIT",3,14,"SANTA MARIA DEL ORO","RURAL"
"923",430,14,"nay",18,3,13,435,611,18,"NAYARIT",3,14,"SANTA MARIA DEL ORO","URBANO(A)"
"924",431,14,"nay",18,3,13,454,699,18,"NAYARIT",3,14,"SANTA MARIA DEL ORO","URBANO(A)"
"925",432,14,"nay",18,3,13,111,157,18,"NAYARIT",3,14,"SANTA MARIA DEL ORO","RURAL"
"926",433,14,"nay",18,3,13,1231,1915,18,"NAYARIT",3,14,"SANTA MARIA DEL ORO","URBANO(A)"
"927",434,14,"nay",18,3,13,80,121,18,"NAYARIT",3,14,"SANTA MARIA DEL ORO","RURAL"
"928",844,19,"nay",18,4,14,3960,6680,18,"NAYARIT",3,19,"XALISCO","URBANO(A)"
"929",845,19,"nay",18,4,14,3393,5200,18,"NAYARIT",3,19,"XALISCO","URBANO(A)"
"930",846,19,"nay",18,4,14,1553,2341,18,"NAYARIT",3,19,"XALISCO","URBANO(A)"
"931",847,19,"nay",18,4,14,5056,8424,18,"NAYARIT",3,19,"XALISCO","URBANO(A)"
"932",848,19,"nay",18,4,14,1470,2259,18,"NAYARIT",3,19,"XALISCO","URBANO(A)"
"933",849,19,"nay",18,4,14,590,862,18,"NAYARIT",3,19,"XALISCO","URBANO(A)"
"934",850,19,"nay",18,4,14,1695,3065,18,"NAYARIT",3,19,"XALISCO","MIXTO(A)"
"935",851,19,"nay",18,4,14,536,761,18,"NAYARIT",3,19,"XALISCO","URBANO(A)"
"936",852,19,"nay",18,4,14,878,1295,18,"NAYARIT",3,19,"XALISCO","MIXTO(A)"
"937",853,19,"nay",18,4,14,1369,2415,18,"NAYARIT",3,19,"XALISCO","MIXTO(A)"
"938",854,19,"nay",18,4,14,849,1249,18,"NAYARIT",3,19,"XALISCO","URBANO(A)"
"939",855,19,"nay",18,4,14,791,1252,18,"NAYARIT",3,19,"XALISCO","URBANO(A)"
"940",856,19,"nay",18,4,14,627,961,18,"NAYARIT",3,19,"XALISCO","RURAL"
"941",857,19,"nay",18,4,14,1083,1634,18,"NAYARIT",3,19,"XALISCO","URBANO(A)"
"942",858,19,"nay",18,4,14,1023,1602,18,"NAYARIT",3,19,"XALISCO","URBANO(A)"
"943",859,19,"nay",18,4,14,1516,2412,18,"NAYARIT",3,19,"XALISCO","URBANO(A)"
"944",860,19,"nay",18,4,14,411,643,18,"NAYARIT",3,19,"XALISCO","RURAL"
"945",861,19,"nay",18,4,14,676,1035,18,"NAYARIT",3,19,"XALISCO","RURAL"
"946",862,19,"nay",18,4,14,672,1047,18,"NAYARIT",3,19,"XALISCO","RURAL"
"947",863,19,"nay",18,4,14,391,660,18,"NAYARIT",3,19,"XALISCO","RURAL"
"948",864,19,"nay",18,4,14,1275,2063,18,"NAYARIT",3,19,"XALISCO","RURAL"
"949",865,19,"nay",18,4,14,731,1083,18,"NAYARIT",3,19,"XALISCO","RURAL"
"950",866,20,"nay",18,6,13,458,758,18,"NAYARIT",3,20,"LA YESCA","MIXTO(A)"
"951",867,20,"nay",18,6,13,1512,3256,18,"NAYARIT",3,20,"LA YESCA","RURAL"
"952",868,20,"nay",18,6,13,1163,2130,18,"NAYARIT",3,20,"LA YESCA","MIXTO(A)"
"953",869,20,"nay",18,6,13,1198,1971,18,"NAYARIT",3,20,"LA YESCA","URBANO(A)"
"954",870,20,"nay",18,6,13,826,1281,18,"NAYARIT",3,20,"LA YESCA","RURAL"
"955",872,20,"nay",18,6,13,197,300,18,"NAYARIT",3,20,"LA YESCA","RURAL"
"956",873,20,"nay",18,6,13,438,751,18,"NAYARIT",3,20,"LA YESCA","RURAL"
"957",874,20,"nay",18,6,13,516,831,18,"NAYARIT",3,20,"LA YESCA","RURAL"
"958",875,20,"nay",18,6,13,205,395,18,"NAYARIT",3,20,"LA YESCA","RURAL"
"959",876,20,"nay",18,6,13,391,736,18,"NAYARIT",3,20,"LA YESCA","RURAL"
"960",878,20,"nay",18,6,13,702,1196,18,"NAYARIT",3,20,"LA YESCA","RURAL"
