ENTIDAD,NOMBRE ENTIDAD,DISTRITO,MUNICIPIO,NOMBRE MUNICIPIO,SECCION,TIPO
31,YUCATAN,1,8,CALOTMUL,37,URBANO(A)
31,YUCATAN,1,8,CALOTMUL,38,MIXTO(A)
31,YUCATAN,1,8,CALOTMUL,39,RURAL
31,YUCATAN,1,8,CALOTMUL,40,MIXTO(A)
31,YUCATAN,1,10,CANTAMAYEC,47,MIXTO(A)
31,YUCATAN,1,10,CANTAMAYEC,48,RURAL
31,YUCATAN,1,10,CANTAMAYEC,49,RURAL
31,YUCATAN,1,12,CENOTILLO,54,MIXTO(A)
31,YUCATAN,1,12,CENOTILLO,55,URBANO(A)
31,YUCATAN,1,12,CENOTILLO,56,URBANO(A)
31,YUCATAN,1,12,CENOTILLO,57,URBANO(A)
31,YUCATAN,1,12,CENOTILLO,58,RURAL
31,YUCATAN,1,14,CUNCUNUL,65,URBANO(A)
31,YUCATAN,1,14,CUNCUNUL,66,RURAL
31,YUCATAN,1,16,CHACSINKIN,70,MIXTO(A)
31,YUCATAN,1,17,CHANKOM,71,MIXTO(A)
31,YUCATAN,1,17,CHANKOM,72,RURAL
31,YUCATAN,1,17,CHANKOM,73,RURAL
31,YUCATAN,1,17,CHANKOM,74,RURAL
31,YUCATAN,1,19,CHEMAX,78,URBANO(A)
31,YUCATAN,1,19,CHEMAX,79,URBANO(A)
31,YUCATAN,1,19,CHEMAX,80,URBANO(A)
31,YUCATAN,1,19,CHEMAX,81,URBANO(A)
31,YUCATAN,1,19,CHEMAX,82,RURAL
31,YUCATAN,1,19,CHEMAX,83,URBANO(A)
31,YUCATAN,1,19,CHEMAX,84,MIXTO(A)
31,YUCATAN,1,19,CHEMAX,85,RURAL
31,YUCATAN,1,19,CHEMAX,86,MIXTO(A)
31,YUCATAN,1,19,CHEMAX,87,RURAL
31,YUCATAN,1,19,CHEMAX,88,MIXTO(A)
31,YUCATAN,1,19,CHEMAX,89,MIXTO(A)
31,YUCATAN,1,19,CHEMAX,90,RURAL
31,YUCATAN,1,21,CHICHIMILA,93,URBANO(A)
31,YUCATAN,1,21,CHICHIMILA,94,URBANO(A)
31,YUCATAN,1,21,CHICHIMILA,95,MIXTO(A)
31,YUCATAN,1,21,CHICHIMILA,96,RURAL
31,YUCATAN,1,21,CHICHIMILA,97,RURAL
31,YUCATAN,1,21,CHICHIMILA,98,RURAL
31,YUCATAN,1,22,CHIKINDZONOT,99,MIXTO(A)
31,YUCATAN,1,22,CHIKINDZONOT,101,RURAL
31,YUCATAN,1,22,CHIKINDZONOT,102,RURAL
31,YUCATAN,1,30,DZITAS,127,URBANO(A)
31,YUCATAN,1,30,DZITAS,128,MIXTO(A)
31,YUCATAN,1,30,DZITAS,129,URBANO(A)
31,YUCATAN,1,30,DZITAS,130,RURAL
31,YUCATAN,1,32,ESPITA,134,URBANO(A)
31,YUCATAN,1,32,ESPITA,135,MIXTO(A)
31,YUCATAN,1,32,ESPITA,136,MIXTO(A)
31,YUCATAN,1,32,ESPITA,137,URBANO(A)
31,YUCATAN,1,32,ESPITA,138,URBANO(A)
31,YUCATAN,1,32,ESPITA,139,RURAL
31,YUCATAN,1,32,ESPITA,140,RURAL
31,YUCATAN,1,32,ESPITA,141,MIXTO(A)
31,YUCATAN,1,42,KANTUNIL,224,URBANO(A)
31,YUCATAN,1,42,KANTUNIL,225,URBANO(A)
31,YUCATAN,1,42,KANTUNIL,226,MIXTO(A)
31,YUCATAN,1,43,KAUA,227,MIXTO(A)
31,YUCATAN,1,57,PANABA,709,MIXTO(A)
31,YUCATAN,1,57,PANABA,710,MIXTO(A)
31,YUCATAN,1,57,PANABA,711,URBANO(A)
31,YUCATAN,1,57,PANABA,712,MIXTO(A)
31,YUCATAN,1,57,PANABA,713,RURAL
31,YUCATAN,1,57,PANABA,714,MIXTO(A)
31,YUCATAN,1,58,PETO,715,URBANO(A)
31,YUCATAN,1,58,PETO,716,MIXTO(A)
31,YUCATAN,1,58,PETO,717,URBANO(A)
31,YUCATAN,1,58,PETO,718,URBANO(A)
31,YUCATAN,1,58,PETO,719,URBANO(A)
31,YUCATAN,1,58,PETO,720,URBANO(A)
31,YUCATAN,1,58,PETO,721,URBANO(A)
31,YUCATAN,1,58,PETO,722,URBANO(A)
31,YUCATAN,1,58,PETO,723,URBANO(A)
31,YUCATAN,1,58,PETO,724,URBANO(A)
31,YUCATAN,1,58,PETO,725,RURAL
31,YUCATAN,1,58,PETO,726,RURAL
31,YUCATAN,1,58,PETO,727,RURAL
31,YUCATAN,1,58,PETO,728,RURAL
31,YUCATAN,1,58,PETO,729,RURAL
31,YUCATAN,1,58,PETO,730,RURAL
31,YUCATAN,1,58,PETO,732,MIXTO(A)
31,YUCATAN,1,58,PETO,733,RURAL
31,YUCATAN,1,60,QUINTANA ROO,765,MIXTO(A)
31,YUCATAN,1,61,RIO LAGARTOS,766,URBANO(A)
31,YUCATAN,1,61,RIO LAGARTOS,767,MIXTO(A)
31,YUCATAN,1,61,RIO LAGARTOS,768,URBANO(A)
31,YUCATAN,1,65,SAN FELIPE,776,URBANO(A)
31,YUCATAN,1,65,SAN FELIPE,777,MIXTO(A)
31,YUCATAN,1,69,SOTUTA,789,URBANO(A)
31,YUCATAN,1,69,SOTUTA,790,MIXTO(A)
31,YUCATAN,1,69,SOTUTA,791,URBANO(A)
31,YUCATAN,1,69,SOTUTA,792,URBANO(A)
31,YUCATAN,1,69,SOTUTA,793,URBANO(A)
31,YUCATAN,1,69,SOTUTA,794,RURAL
31,YUCATAN,1,69,SOTUTA,795,RURAL
31,YUCATAN,1,70,SUCILA,796,MIXTO(A)
31,YUCATAN,1,70,SUCILA,797,MIXTO(A)
31,YUCATAN,1,71,SUDZAL,798,MIXTO(A)
31,YUCATAN,1,71,SUDZAL,799,RURAL
31,YUCATAN,1,73,TAHDZIU,802,MIXTO(A)
31,YUCATAN,1,81,TEKOM,851,URBANO(A)
31,YUCATAN,1,81,TEKOM,852,URBANO(A)
31,YUCATAN,1,81,TEKOM,853,RURAL
31,YUCATAN,1,81,TEKOM,854,RURAL
31,YUCATAN,1,85,TEMOZON,867,URBANO(A)
31,YUCATAN,1,85,TEMOZON,868,URBANO(A)
31,YUCATAN,1,85,TEMOZON,869,MIXTO(A)
31,YUCATAN,1,85,TEMOZON,870,MIXTO(A)
31,YUCATAN,1,85,TEMOZON,871,RURAL
31,YUCATAN,1,85,TEMOZON,872,RURAL
31,YUCATAN,1,85,TEMOZON,873,RURAL
31,YUCATAN,1,85,TEMOZON,874,MIXTO(A)
31,YUCATAN,1,91,TINUM,901,URBANO(A)
31,YUCATAN,1,91,TINUM,902,MIXTO(A)
31,YUCATAN,1,91,TINUM,903,URBANO(A)
31,YUCATAN,1,91,TINUM,904,MIXTO(A)
31,YUCATAN,1,91,TINUM,905,RURAL
31,YUCATAN,1,91,TINUM,906,RURAL
31,YUCATAN,1,91,TINUM,907,RURAL
31,YUCATAN,1,92,TIXCACALCUPUL,908,URBANO(A)
31,YUCATAN,1,92,TIXCACALCUPUL,909,MIXTO(A)
31,YUCATAN,1,92,TIXCACALCUPUL,910,RURAL
31,YUCATAN,1,92,TIXCACALCUPUL,911,RURAL
31,YUCATAN,1,94,TIXMEHUAC,922,URBANO(A)
31,YUCATAN,1,94,TIXMEHUAC,923,MIXTO(A)
31,YUCATAN,1,94,TIXMEHUAC,924,RURAL
31,YUCATAN,1,94,TIXMEHUAC,925,RURAL
31,YUCATAN,1,96,TIZIMIN,932,URBANO(A)
31,YUCATAN,1,96,TIZIMIN,933,URBANO(A)
31,YUCATAN,1,96,TIZIMIN,934,URBANO(A)
31,YUCATAN,1,96,TIZIMIN,935,URBANO(A)
31,YUCATAN,1,96,TIZIMIN,936,MIXTO(A)
31,YUCATAN,1,96,TIZIMIN,937,URBANO(A)
31,YUCATAN,1,96,TIZIMIN,938,URBANO(A)
31,YUCATAN,1,96,TIZIMIN,939,URBANO(A)
31,YUCATAN,1,96,TIZIMIN,940,URBANO(A)
31,YUCATAN,1,96,TIZIMIN,941,URBANO(A)
31,YUCATAN,1,96,TIZIMIN,942,URBANO(A)
31,YUCATAN,1,96,TIZIMIN,943,URBANO(A)
31,YUCATAN,1,96,TIZIMIN,944,URBANO(A)
31,YUCATAN,1,96,TIZIMIN,945,URBANO(A)
31,YUCATAN,1,96,TIZIMIN,946,URBANO(A)
31,YUCATAN,1,96,TIZIMIN,947,MIXTO(A)
31,YUCATAN,1,96,TIZIMIN,948,URBANO(A)
31,YUCATAN,1,96,TIZIMIN,949,URBANO(A)
31,YUCATAN,1,96,TIZIMIN,950,URBANO(A)
31,YUCATAN,1,96,TIZIMIN,951,URBANO(A)
31,YUCATAN,1,96,TIZIMIN,952,URBANO(A)
31,YUCATAN,1,96,TIZIMIN,953,URBANO(A)
31,YUCATAN,1,96,TIZIMIN,954,URBANO(A)
31,YUCATAN,1,96,TIZIMIN,955,URBANO(A)
31,YUCATAN,1,96,TIZIMIN,956,URBANO(A)
31,YUCATAN,1,96,TIZIMIN,957,URBANO(A)
31,YUCATAN,1,96,TIZIMIN,958,MIXTO(A)
31,YUCATAN,1,96,TIZIMIN,959,MIXTO(A)
31,YUCATAN,1,96,TIZIMIN,960,RURAL
31,YUCATAN,1,96,TIZIMIN,961,RURAL
31,YUCATAN,1,96,TIZIMIN,962,RURAL
31,YUCATAN,1,96,TIZIMIN,963,RURAL
31,YUCATAN,1,96,TIZIMIN,964,RURAL
31,YUCATAN,1,96,TIZIMIN,965,RURAL
31,YUCATAN,1,96,TIZIMIN,966,MIXTO(A)
31,YUCATAN,1,96,TIZIMIN,967,URBANO(A)
31,YUCATAN,1,96,TIZIMIN,968,RURAL
31,YUCATAN,1,96,TIZIMIN,969,MIXTO(A)
31,YUCATAN,1,96,TIZIMIN,970,MIXTO(A)
31,YUCATAN,1,96,TIZIMIN,971,MIXTO(A)
31,YUCATAN,1,96,TIZIMIN,972,MIXTO(A)
31,YUCATAN,1,97,TUNKAS,973,MIXTO(A)
31,YUCATAN,1,97,TUNKAS,974,URBANO(A)
31,YUCATAN,1,97,TUNKAS,975,URBANO(A)
31,YUCATAN,1,97,TUNKAS,976,RURAL
31,YUCATAN,1,98,TZUCACAB,977,URBANO(A)
31,YUCATAN,1,98,TZUCACAB,978,MIXTO(A)
31,YUCATAN,1,98,TZUCACAB,979,MIXTO(A)
31,YUCATAN,1,98,TZUCACAB,980,URBANO(A)
31,YUCATAN,1,98,TZUCACAB,981,RURAL
31,YUCATAN,1,98,TZUCACAB,982,MIXTO(A)
31,YUCATAN,1,98,TZUCACAB,983,RURAL
31,YUCATAN,1,98,TZUCACAB,984,RURAL
31,YUCATAN,1,99,UAYMA,985,MIXTO(A)
31,YUCATAN,1,99,UAYMA,986,URBANO(A)
31,YUCATAN,1,99,UAYMA,987,RURAL
31,YUCATAN,1,102,VALLADOLID,1010,URBANO(A)
31,YUCATAN,1,102,VALLADOLID,1011,URBANO(A)
31,YUCATAN,1,102,VALLADOLID,1012,URBANO(A)
31,YUCATAN,1,102,VALLADOLID,1013,URBANO(A)
31,YUCATAN,1,102,VALLADOLID,1014,URBANO(A)
31,YUCATAN,1,102,VALLADOLID,1015,MIXTO(A)
31,YUCATAN,1,102,VALLADOLID,1016,URBANO(A)
31,YUCATAN,1,102,VALLADOLID,1017,URBANO(A)
31,YUCATAN,1,102,VALLADOLID,1018,URBANO(A)
31,YUCATAN,1,102,VALLADOLID,1019,URBANO(A)
31,YUCATAN,1,102,VALLADOLID,1020,URBANO(A)
31,YUCATAN,1,102,VALLADOLID,1021,URBANO(A)
31,YUCATAN,1,102,VALLADOLID,1022,URBANO(A)
31,YUCATAN,1,102,VALLADOLID,1023,URBANO(A)
31,YUCATAN,1,102,VALLADOLID,1024,URBANO(A)
31,YUCATAN,1,102,VALLADOLID,1025,URBANO(A)
31,YUCATAN,1,102,VALLADOLID,1026,MIXTO(A)
31,YUCATAN,1,102,VALLADOLID,1027,URBANO(A)
31,YUCATAN,1,102,VALLADOLID,1028,URBANO(A)
31,YUCATAN,1,102,VALLADOLID,1029,URBANO(A)
31,YUCATAN,1,102,VALLADOLID,1030,URBANO(A)
31,YUCATAN,1,102,VALLADOLID,1031,URBANO(A)
31,YUCATAN,1,102,VALLADOLID,1032,MIXTO(A)
31,YUCATAN,1,102,VALLADOLID,1033,MIXTO(A)
31,YUCATAN,1,102,VALLADOLID,1034,RURAL
31,YUCATAN,1,102,VALLADOLID,1035,RURAL
31,YUCATAN,1,102,VALLADOLID,1036,MIXTO(A)
31,YUCATAN,1,102,VALLADOLID,1037,RURAL
31,YUCATAN,1,102,VALLADOLID,1038,RURAL
31,YUCATAN,1,102,VALLADOLID,1039,MIXTO(A)
31,YUCATAN,1,102,VALLADOLID,1040,MIXTO(A)
31,YUCATAN,1,102,VALLADOLID,1041,MIXTO(A)
31,YUCATAN,1,102,VALLADOLID,1042,RURAL
31,YUCATAN,1,104,YAXCABA,1045,MIXTO(A)
31,YUCATAN,1,104,YAXCABA,1046,URBANO(A)
31,YUCATAN,1,104,YAXCABA,1047,RURAL
31,YUCATAN,1,104,YAXCABA,1048,MIXTO(A)
31,YUCATAN,1,104,YAXCABA,1049,RURAL
31,YUCATAN,1,104,YAXCABA,1050,RURAL
31,YUCATAN,1,104,YAXCABA,1051,RURAL
31,YUCATAN,1,104,YAXCABA,1052,MIXTO(A)
31,YUCATAN,1,104,YAXCABA,1053,RURAL
31,YUCATAN,1,104,YAXCABA,1054,RURAL
31,YUCATAN,1,104,YAXCABA,1055,RURAL
31,YUCATAN,2,2,ACANCEH,7,URBANO(A)
31,YUCATAN,2,2,ACANCEH,8,URBANO(A)
31,YUCATAN,2,2,ACANCEH,9,URBANO(A)
31,YUCATAN,2,2,ACANCEH,10,MIXTO(A)
31,YUCATAN,2,2,ACANCEH,11,RURAL
31,YUCATAN,2,2,ACANCEH,12,URBANO(A)
31,YUCATAN,2,2,ACANCEH,13,RURAL
31,YUCATAN,2,4,BACA,20,URBANO(A)
31,YUCATAN,2,4,BACA,21,URBANO(A)
31,YUCATAN,2,4,BACA,22,MIXTO(A)
31,YUCATAN,2,4,BACA,23,URBANO(A)
31,YUCATAN,2,4,BACA,24,RURAL
31,YUCATAN,2,5,BOKOBA,25,URBANO(A)
31,YUCATAN,2,5,BOKOBA,26,URBANO(A)
31,YUCATAN,2,6,BUCTZOTZ,27,URBANO(A)
31,YUCATAN,2,6,BUCTZOTZ,28,URBANO(A)
31,YUCATAN,2,6,BUCTZOTZ,29,MIXTO(A)
31,YUCATAN,2,6,BUCTZOTZ,30,MIXTO(A)
31,YUCATAN,2,6,BUCTZOTZ,31,MIXTO(A)
31,YUCATAN,2,6,BUCTZOTZ,32,RURAL
31,YUCATAN,2,7,CACALCHEN,33,MIXTO(A)
31,YUCATAN,2,7,CACALCHEN,34,URBANO(A)
31,YUCATAN,2,7,CACALCHEN,35,URBANO(A)
31,YUCATAN,2,7,CACALCHEN,36,URBANO(A)
31,YUCATAN,2,9,CANSAHCAB,41,MIXTO(A)
31,YUCATAN,2,9,CANSAHCAB,42,URBANO(A)
31,YUCATAN,2,9,CANSAHCAB,43,URBANO(A)
31,YUCATAN,2,9,CANSAHCAB,44,URBANO(A)
31,YUCATAN,2,9,CANSAHCAB,45,RURAL
31,YUCATAN,2,9,CANSAHCAB,46,RURAL
31,YUCATAN,2,13,CONKAL,59,URBANO(A)
31,YUCATAN,2,13,CONKAL,60,MIXTO(A)
31,YUCATAN,2,13,CONKAL,61,URBANO(A)
31,YUCATAN,2,13,CONKAL,62,URBANO(A)
31,YUCATAN,2,13,CONKAL,63,RURAL
31,YUCATAN,2,13,CONKAL,64,RURAL
31,YUCATAN,2,20,CHICXULUB PUEBLO,91,URBANO(A)
31,YUCATAN,2,20,CHICXULUB PUEBLO,92,MIXTO(A)
31,YUCATAN,2,26,DZEMUL,110,MIXTO(A)
31,YUCATAN,2,26,DZEMUL,111,URBANO(A)
31,YUCATAN,2,26,DZEMUL,112,URBANO(A)
31,YUCATAN,2,26,DZEMUL,113,RURAL
31,YUCATAN,2,27,DZIDZANTUN,114,URBANO(A)
31,YUCATAN,2,27,DZIDZANTUN,115,URBANO(A)
31,YUCATAN,2,27,DZIDZANTUN,116,MIXTO(A)
31,YUCATAN,2,27,DZIDZANTUN,117,URBANO(A)
31,YUCATAN,2,27,DZIDZANTUN,118,URBANO(A)
31,YUCATAN,2,28,DZILAM DE BRAVO,120,URBANO(A)
31,YUCATAN,2,28,DZILAM DE BRAVO,121,MIXTO(A)
31,YUCATAN,2,29,DZILAM GONZALEZ,122,MIXTO(A)
31,YUCATAN,2,29,DZILAM GONZALEZ,123,URBANO(A)
31,YUCATAN,2,29,DZILAM GONZALEZ,124,MIXTO(A)
31,YUCATAN,2,29,DZILAM GONZALEZ,125,URBANO(A)
31,YUCATAN,2,29,DZILAM GONZALEZ,126,URBANO(A)
31,YUCATAN,2,31,DZONCAUICH,131,MIXTO(A)
31,YUCATAN,2,31,DZONCAUICH,132,URBANO(A)
31,YUCATAN,2,31,DZONCAUICH,133,RURAL
31,YUCATAN,2,34,HOCABA,152,URBANO(A)
31,YUCATAN,2,34,HOCABA,153,URBANO(A)
31,YUCATAN,2,34,HOCABA,154,URBANO(A)
31,YUCATAN,2,34,HOCABA,155,URBANO(A)
31,YUCATAN,2,34,HOCABA,156,MIXTO(A)
31,YUCATAN,2,35,HOCTUN,157,MIXTO(A)
31,YUCATAN,2,35,HOCTUN,158,URBANO(A)
31,YUCATAN,2,35,HOCTUN,159,URBANO(A)
31,YUCATAN,2,35,HOCTUN,160,MIXTO(A)
31,YUCATAN,2,35,HOCTUN,161,RURAL
31,YUCATAN,2,39,IXIL,187,MIXTO(A)
31,YUCATAN,2,39,IXIL,188,URBANO(A)
31,YUCATAN,2,40,IZAMAL,189,URBANO(A)
31,YUCATAN,2,40,IZAMAL,190,URBANO(A)
31,YUCATAN,2,40,IZAMAL,191,MIXTO(A)
31,YUCATAN,2,40,IZAMAL,192,URBANO(A)
31,YUCATAN,2,40,IZAMAL,193,URBANO(A)
31,YUCATAN,2,40,IZAMAL,194,URBANO(A)
31,YUCATAN,2,40,IZAMAL,195,URBANO(A)
31,YUCATAN,2,40,IZAMAL,196,URBANO(A)
31,YUCATAN,2,40,IZAMAL,197,URBANO(A)
31,YUCATAN,2,40,IZAMAL,198,MIXTO(A)
31,YUCATAN,2,40,IZAMAL,199,MIXTO(A)
31,YUCATAN,2,40,IZAMAL,200,MIXTO(A)
31,YUCATAN,2,40,IZAMAL,201,URBANO(A)
31,YUCATAN,2,40,IZAMAL,202,RURAL
31,YUCATAN,2,40,IZAMAL,203,MIXTO(A)
31,YUCATAN,2,41,KANASIN,204,URBANO(A)
31,YUCATAN,2,41,KANASIN,205,URBANO(A)
31,YUCATAN,2,41,KANASIN,206,URBANO(A)
31,YUCATAN,2,41,KANASIN,207,MIXTO(A)
31,YUCATAN,2,41,KANASIN,208,URBANO(A)
31,YUCATAN,2,41,KANASIN,209,URBANO(A)
31,YUCATAN,2,41,KANASIN,210,URBANO(A)
31,YUCATAN,2,41,KANASIN,211,URBANO(A)
31,YUCATAN,2,41,KANASIN,212,URBANO(A)
31,YUCATAN,2,41,KANASIN,213,URBANO(A)
31,YUCATAN,2,41,KANASIN,214,URBANO(A)
31,YUCATAN,2,41,KANASIN,215,URBANO(A)
31,YUCATAN,2,41,KANASIN,216,URBANO(A)
31,YUCATAN,2,41,KANASIN,217,URBANO(A)
31,YUCATAN,2,41,KANASIN,218,URBANO(A)
31,YUCATAN,2,41,KANASIN,219,URBANO(A)
31,YUCATAN,2,41,KANASIN,220,URBANO(A)
31,YUCATAN,2,41,KANASIN,221,RURAL
31,YUCATAN,2,41,KANASIN,222,RURAL
31,YUCATAN,2,41,KANASIN,223,URBANO(A)
31,YUCATAN,2,51,MOCOCHA,657,MIXTO(A)
31,YUCATAN,2,51,MOCOCHA,658,URBANO(A)
31,YUCATAN,2,51,MOCOCHA,659,RURAL
31,YUCATAN,2,51,MOCOCHA,660,RURAL
31,YUCATAN,2,52,MOTUL,661,URBANO(A)
31,YUCATAN,2,52,MOTUL,662,URBANO(A)
31,YUCATAN,2,52,MOTUL,663,URBANO(A)
31,YUCATAN,2,52,MOTUL,664,URBANO(A)
31,YUCATAN,2,52,MOTUL,665,MIXTO(A)
31,YUCATAN,2,52,MOTUL,666,URBANO(A)
31,YUCATAN,2,52,MOTUL,667,URBANO(A)
31,YUCATAN,2,52,MOTUL,668,URBANO(A)
31,YUCATAN,2,52,MOTUL,669,MIXTO(A)
31,YUCATAN,2,52,MOTUL,670,URBANO(A)
31,YUCATAN,2,52,MOTUL,671,RURAL
31,YUCATAN,2,52,MOTUL,672,RURAL
31,YUCATAN,2,52,MOTUL,673,RURAL
31,YUCATAN,2,52,MOTUL,674,MIXTO(A)
31,YUCATAN,2,52,MOTUL,675,RURAL
31,YUCATAN,2,52,MOTUL,676,MIXTO(A)
31,YUCATAN,2,52,MOTUL,677,RURAL
31,YUCATAN,2,52,MOTUL,678,RURAL
31,YUCATAN,2,52,MOTUL,679,RURAL
31,YUCATAN,2,54,MUXUPIP,687,MIXTO(A)
31,YUCATAN,2,54,MUXUPIP,688,URBANO(A)
31,YUCATAN,2,54,MUXUPIP,689,RURAL
31,YUCATAN,2,59,PROGRESO,734,URBANO(A)
31,YUCATAN,2,59,PROGRESO,735,URBANO(A)
31,YUCATAN,2,59,PROGRESO,736,URBANO(A)
31,YUCATAN,2,59,PROGRESO,737,URBANO(A)
31,YUCATAN,2,59,PROGRESO,738,URBANO(A)
31,YUCATAN,2,59,PROGRESO,739,URBANO(A)
31,YUCATAN,2,59,PROGRESO,740,URBANO(A)
31,YUCATAN,2,59,PROGRESO,741,URBANO(A)
31,YUCATAN,2,59,PROGRESO,742,URBANO(A)
31,YUCATAN,2,59,PROGRESO,743,URBANO(A)
31,YUCATAN,2,59,PROGRESO,744,URBANO(A)
31,YUCATAN,2,59,PROGRESO,745,URBANO(A)
31,YUCATAN,2,59,PROGRESO,746,URBANO(A)
31,YUCATAN,2,59,PROGRESO,747,URBANO(A)
31,YUCATAN,2,59,PROGRESO,748,URBANO(A)
31,YUCATAN,2,59,PROGRESO,749,URBANO(A)
31,YUCATAN,2,59,PROGRESO,750,URBANO(A)
31,YUCATAN,2,59,PROGRESO,751,URBANO(A)
31,YUCATAN,2,59,PROGRESO,752,URBANO(A)
31,YUCATAN,2,59,PROGRESO,753,URBANO(A)
31,YUCATAN,2,59,PROGRESO,754,URBANO(A)
31,YUCATAN,2,59,PROGRESO,755,URBANO(A)
31,YUCATAN,2,59,PROGRESO,756,URBANO(A)
31,YUCATAN,2,59,PROGRESO,757,URBANO(A)
31,YUCATAN,2,59,PROGRESO,758,URBANO(A)
31,YUCATAN,2,59,PROGRESO,759,URBANO(A)
31,YUCATAN,2,59,PROGRESO,760,MIXTO(A)
31,YUCATAN,2,59,PROGRESO,761,URBANO(A)
31,YUCATAN,2,59,PROGRESO,762,RURAL
31,YUCATAN,2,59,PROGRESO,763,URBANO(A)
31,YUCATAN,2,59,PROGRESO,764,URBANO(A)
31,YUCATAN,2,67,SEYE,781,URBANO(A)
31,YUCATAN,2,67,SEYE,782,MIXTO(A)
31,YUCATAN,2,67,SEYE,783,URBANO(A)
31,YUCATAN,2,67,SEYE,784,MIXTO(A)
31,YUCATAN,2,67,SEYE,785,RURAL
31,YUCATAN,2,68,SINANCHE,786,MIXTO(A)
31,YUCATAN,2,68,SINANCHE,787,URBANO(A)
31,YUCATAN,2,68,SINANCHE,788,RURAL
31,YUCATAN,2,72,SUMA,800,MIXTO(A)
31,YUCATAN,2,72,SUMA,801,URBANO(A)
31,YUCATAN,2,74,TAHMEK,803,MIXTO(A)
31,YUCATAN,2,74,TAHMEK,804,URBANO(A)
31,YUCATAN,2,77,TEKAL DE VENEGAS,817,URBANO(A)
31,YUCATAN,2,77,TEKAL DE VENEGAS,818,MIXTO(A)
31,YUCATAN,2,78,TEKANTO,819,URBANO(A)
31,YUCATAN,2,78,TEKANTO,820,URBANO(A)
31,YUCATAN,2,78,TEKANTO,821,URBANO(A)
31,YUCATAN,2,78,TEKANTO,822,MIXTO(A)
31,YUCATAN,2,78,TEKANTO,823,RURAL
31,YUCATAN,2,78,TEKANTO,824,RURAL
31,YUCATAN,2,78,TEKANTO,825,RURAL
31,YUCATAN,2,82,TELCHAC PUEBLO,855,URBANO(A)
31,YUCATAN,2,82,TELCHAC PUEBLO,856,MIXTO(A)
31,YUCATAN,2,82,TELCHAC PUEBLO,857,URBANO(A)
31,YUCATAN,2,82,TELCHAC PUEBLO,858,URBANO(A)
31,YUCATAN,2,83,TELCHAC PUERTO,859,URBANO(A)
31,YUCATAN,2,83,TELCHAC PUERTO,860,MIXTO(A)
31,YUCATAN,2,84,TEMAX,861,URBANO(A)
31,YUCATAN,2,84,TEMAX,862,MIXTO(A)
31,YUCATAN,2,84,TEMAX,863,URBANO(A)
31,YUCATAN,2,84,TEMAX,864,URBANO(A)
31,YUCATAN,2,84,TEMAX,865,RURAL
31,YUCATAN,2,84,TEMAX,866,RURAL
31,YUCATAN,2,86,TEPAKAN,875,MIXTO(A)
31,YUCATAN,2,86,TEPAKAN,876,URBANO(A)
31,YUCATAN,2,86,TEPAKAN,877,RURAL
31,YUCATAN,2,88,TEYA,880,MIXTO(A)
31,YUCATAN,2,88,TEYA,881,URBANO(A)
31,YUCATAN,2,90,TIMUCUY,898,URBANO(A)
31,YUCATAN,2,90,TIMUCUY,899,MIXTO(A)
31,YUCATAN,2,90,TIMUCUY,900,URBANO(A)
31,YUCATAN,2,93,TIXKOKOB,912,URBANO(A)
31,YUCATAN,2,93,TIXKOKOB,913,URBANO(A)
31,YUCATAN,2,93,TIXKOKOB,914,URBANO(A)
31,YUCATAN,2,93,TIXKOKOB,915,URBANO(A)
31,YUCATAN,2,93,TIXKOKOB,916,URBANO(A)
31,YUCATAN,2,93,TIXKOKOB,917,MIXTO(A)
31,YUCATAN,2,93,TIXKOKOB,918,MIXTO(A)
31,YUCATAN,2,93,TIXKOKOB,919,URBANO(A)
31,YUCATAN,2,93,TIXKOKOB,920,MIXTO(A)
31,YUCATAN,2,93,TIXKOKOB,921,RURAL
31,YUCATAN,2,95,TIXPEHUAL,926,URBANO(A)
31,YUCATAN,2,95,TIXPEHUAL,927,URBANO(A)
31,YUCATAN,2,95,TIXPEHUAL,928,MIXTO(A)
31,YUCATAN,2,95,TIXPEHUAL,929,RURAL
31,YUCATAN,2,95,TIXPEHUAL,930,RURAL
31,YUCATAN,2,95,TIXPEHUAL,931,RURAL
31,YUCATAN,2,103,XOCCHEL,1043,MIXTO(A)
31,YUCATAN,2,103,XOCCHEL,1044,URBANO(A)
31,YUCATAN,2,105,YAXKUKUL,1056,MIXTO(A)
31,YUCATAN,2,106,YOBAIN,1057,MIXTO(A)
31,YUCATAN,2,106,YOBAIN,1058,URBANO(A)
31,YUCATAN,2,106,YOBAIN,1059,RURAL
31,YUCATAN,3,50,MERIDA,254,URBANO(A)
31,YUCATAN,3,50,MERIDA,255,URBANO(A)
31,YUCATAN,3,50,MERIDA,256,URBANO(A)
31,YUCATAN,3,50,MERIDA,257,URBANO(A)
31,YUCATAN,3,50,MERIDA,258,URBANO(A)
31,YUCATAN,3,50,MERIDA,259,URBANO(A)
31,YUCATAN,3,50,MERIDA,260,URBANO(A)
31,YUCATAN,3,50,MERIDA,267,URBANO(A)
31,YUCATAN,3,50,MERIDA,268,URBANO(A)
31,YUCATAN,3,50,MERIDA,270,URBANO(A)
31,YUCATAN,3,50,MERIDA,271,URBANO(A)
31,YUCATAN,3,50,MERIDA,272,URBANO(A)
31,YUCATAN,3,50,MERIDA,285,URBANO(A)
31,YUCATAN,3,50,MERIDA,286,URBANO(A)
31,YUCATAN,3,50,MERIDA,287,URBANO(A)
31,YUCATAN,3,50,MERIDA,288,URBANO(A)
31,YUCATAN,3,50,MERIDA,289,URBANO(A)
31,YUCATAN,3,50,MERIDA,290,URBANO(A)
31,YUCATAN,3,50,MERIDA,291,URBANO(A)
31,YUCATAN,3,50,MERIDA,292,URBANO(A)
31,YUCATAN,3,50,MERIDA,293,URBANO(A)
31,YUCATAN,3,50,MERIDA,294,URBANO(A)
31,YUCATAN,3,50,MERIDA,295,URBANO(A)
31,YUCATAN,3,50,MERIDA,308,URBANO(A)
31,YUCATAN,3,50,MERIDA,309,URBANO(A)
31,YUCATAN,3,50,MERIDA,310,URBANO(A)
31,YUCATAN,3,50,MERIDA,311,URBANO(A)
31,YUCATAN,3,50,MERIDA,312,URBANO(A)
31,YUCATAN,3,50,MERIDA,313,URBANO(A)
31,YUCATAN,3,50,MERIDA,314,URBANO(A)
31,YUCATAN,3,50,MERIDA,315,URBANO(A)
31,YUCATAN,3,50,MERIDA,316,URBANO(A)
31,YUCATAN,3,50,MERIDA,338,URBANO(A)
31,YUCATAN,3,50,MERIDA,339,URBANO(A)
31,YUCATAN,3,50,MERIDA,340,URBANO(A)
31,YUCATAN,3,50,MERIDA,341,URBANO(A)
31,YUCATAN,3,50,MERIDA,342,URBANO(A)
31,YUCATAN,3,50,MERIDA,343,URBANO(A)
31,YUCATAN,3,50,MERIDA,344,URBANO(A)
31,YUCATAN,3,50,MERIDA,345,URBANO(A)
31,YUCATAN,3,50,MERIDA,346,URBANO(A)
31,YUCATAN,3,50,MERIDA,347,URBANO(A)
31,YUCATAN,3,50,MERIDA,348,URBANO(A)
31,YUCATAN,3,50,MERIDA,349,URBANO(A)
31,YUCATAN,3,50,MERIDA,350,URBANO(A)
31,YUCATAN,3,50,MERIDA,351,URBANO(A)
31,YUCATAN,3,50,MERIDA,352,URBANO(A)
31,YUCATAN,3,50,MERIDA,365,URBANO(A)
31,YUCATAN,3,50,MERIDA,366,URBANO(A)
31,YUCATAN,3,50,MERIDA,367,URBANO(A)
31,YUCATAN,3,50,MERIDA,368,URBANO(A)
31,YUCATAN,3,50,MERIDA,369,URBANO(A)
31,YUCATAN,3,50,MERIDA,370,URBANO(A)
31,YUCATAN,3,50,MERIDA,371,URBANO(A)
31,YUCATAN,3,50,MERIDA,372,URBANO(A)
31,YUCATAN,3,50,MERIDA,373,URBANO(A)
31,YUCATAN,3,50,MERIDA,374,URBANO(A)
31,YUCATAN,3,50,MERIDA,375,URBANO(A)
31,YUCATAN,3,50,MERIDA,376,URBANO(A)
31,YUCATAN,3,50,MERIDA,377,URBANO(A)
31,YUCATAN,3,50,MERIDA,378,URBANO(A)
31,YUCATAN,3,50,MERIDA,379,URBANO(A)
31,YUCATAN,3,50,MERIDA,380,URBANO(A)
31,YUCATAN,3,50,MERIDA,381,URBANO(A)
31,YUCATAN,3,50,MERIDA,382,URBANO(A)
31,YUCATAN,3,50,MERIDA,383,URBANO(A)
31,YUCATAN,3,50,MERIDA,384,URBANO(A)
31,YUCATAN,3,50,MERIDA,385,URBANO(A)
31,YUCATAN,3,50,MERIDA,386,URBANO(A)
31,YUCATAN,3,50,MERIDA,387,URBANO(A)
31,YUCATAN,3,50,MERIDA,388,URBANO(A)
31,YUCATAN,3,50,MERIDA,389,URBANO(A)
31,YUCATAN,3,50,MERIDA,390,URBANO(A)
31,YUCATAN,3,50,MERIDA,391,URBANO(A)
31,YUCATAN,3,50,MERIDA,392,URBANO(A)
31,YUCATAN,3,50,MERIDA,393,URBANO(A)
31,YUCATAN,3,50,MERIDA,394,URBANO(A)
31,YUCATAN,3,50,MERIDA,410,URBANO(A)
31,YUCATAN,3,50,MERIDA,411,URBANO(A)
31,YUCATAN,3,50,MERIDA,412,URBANO(A)
31,YUCATAN,3,50,MERIDA,413,URBANO(A)
31,YUCATAN,3,50,MERIDA,414,URBANO(A)
31,YUCATAN,3,50,MERIDA,415,URBANO(A)
31,YUCATAN,3,50,MERIDA,416,URBANO(A)
31,YUCATAN,3,50,MERIDA,417,URBANO(A)
31,YUCATAN,3,50,MERIDA,418,URBANO(A)
31,YUCATAN,3,50,MERIDA,419,URBANO(A)
31,YUCATAN,3,50,MERIDA,420,URBANO(A)
31,YUCATAN,3,50,MERIDA,421,URBANO(A)
31,YUCATAN,3,50,MERIDA,422,URBANO(A)
31,YUCATAN,3,50,MERIDA,423,URBANO(A)
31,YUCATAN,3,50,MERIDA,424,URBANO(A)
31,YUCATAN,3,50,MERIDA,425,URBANO(A)
31,YUCATAN,3,50,MERIDA,426,URBANO(A)
31,YUCATAN,3,50,MERIDA,460,URBANO(A)
31,YUCATAN,3,50,MERIDA,461,URBANO(A)
31,YUCATAN,3,50,MERIDA,462,URBANO(A)
31,YUCATAN,3,50,MERIDA,463,URBANO(A)
31,YUCATAN,3,50,MERIDA,464,URBANO(A)
31,YUCATAN,3,50,MERIDA,465,URBANO(A)
31,YUCATAN,3,50,MERIDA,466,URBANO(A)
31,YUCATAN,3,50,MERIDA,467,URBANO(A)
31,YUCATAN,3,50,MERIDA,468,URBANO(A)
31,YUCATAN,3,50,MERIDA,469,URBANO(A)
31,YUCATAN,3,50,MERIDA,470,URBANO(A)
31,YUCATAN,3,50,MERIDA,471,URBANO(A)
31,YUCATAN,3,50,MERIDA,472,URBANO(A)
31,YUCATAN,3,50,MERIDA,473,URBANO(A)
31,YUCATAN,3,50,MERIDA,475,URBANO(A)
31,YUCATAN,3,50,MERIDA,476,MIXTO(A)
31,YUCATAN,3,50,MERIDA,477,URBANO(A)
31,YUCATAN,3,50,MERIDA,478,URBANO(A)
31,YUCATAN,3,50,MERIDA,479,URBANO(A)
31,YUCATAN,3,50,MERIDA,480,URBANO(A)
31,YUCATAN,3,50,MERIDA,498,URBANO(A)
31,YUCATAN,3,50,MERIDA,499,URBANO(A)
31,YUCATAN,3,50,MERIDA,500,URBANO(A)
31,YUCATAN,3,50,MERIDA,560,URBANO(A)
31,YUCATAN,3,50,MERIDA,561,URBANO(A)
31,YUCATAN,3,50,MERIDA,562,URBANO(A)
31,YUCATAN,3,50,MERIDA,563,URBANO(A)
31,YUCATAN,3,50,MERIDA,564,URBANO(A)
31,YUCATAN,3,50,MERIDA,565,URBANO(A)
31,YUCATAN,3,50,MERIDA,574,URBANO(A)
31,YUCATAN,3,50,MERIDA,575,URBANO(A)
31,YUCATAN,3,50,MERIDA,576,URBANO(A)
31,YUCATAN,3,50,MERIDA,580,URBANO(A)
31,YUCATAN,3,50,MERIDA,581,URBANO(A)
31,YUCATAN,3,50,MERIDA,582,URBANO(A)
31,YUCATAN,3,50,MERIDA,583,URBANO(A)
31,YUCATAN,3,50,MERIDA,584,URBANO(A)
31,YUCATAN,3,50,MERIDA,585,URBANO(A)
31,YUCATAN,3,50,MERIDA,586,URBANO(A)
31,YUCATAN,3,50,MERIDA,587,URBANO(A)
31,YUCATAN,3,50,MERIDA,588,URBANO(A)
31,YUCATAN,3,50,MERIDA,589,URBANO(A)
31,YUCATAN,3,50,MERIDA,590,URBANO(A)
31,YUCATAN,3,50,MERIDA,591,URBANO(A)
31,YUCATAN,3,50,MERIDA,592,URBANO(A)
31,YUCATAN,3,50,MERIDA,593,URBANO(A)
31,YUCATAN,3,50,MERIDA,594,URBANO(A)
31,YUCATAN,3,50,MERIDA,595,URBANO(A)
31,YUCATAN,3,50,MERIDA,596,URBANO(A)
31,YUCATAN,3,50,MERIDA,597,URBANO(A)
31,YUCATAN,3,50,MERIDA,598,URBANO(A)
31,YUCATAN,3,50,MERIDA,599,URBANO(A)
31,YUCATAN,3,50,MERIDA,600,URBANO(A)
31,YUCATAN,3,50,MERIDA,601,URBANO(A)
31,YUCATAN,3,50,MERIDA,602,URBANO(A)
31,YUCATAN,3,50,MERIDA,603,URBANO(A)
31,YUCATAN,3,50,MERIDA,604,URBANO(A)
31,YUCATAN,3,50,MERIDA,605,URBANO(A)
31,YUCATAN,3,50,MERIDA,606,URBANO(A)
31,YUCATAN,3,50,MERIDA,607,URBANO(A)
31,YUCATAN,3,50,MERIDA,608,URBANO(A)
31,YUCATAN,3,50,MERIDA,609,URBANO(A)
31,YUCATAN,3,50,MERIDA,610,URBANO(A)
31,YUCATAN,3,50,MERIDA,611,URBANO(A)
31,YUCATAN,3,50,MERIDA,612,URBANO(A)
31,YUCATAN,3,50,MERIDA,613,URBANO(A)
31,YUCATAN,3,50,MERIDA,614,URBANO(A)
31,YUCATAN,3,50,MERIDA,615,URBANO(A)
31,YUCATAN,3,50,MERIDA,616,URBANO(A)
31,YUCATAN,3,50,MERIDA,617,URBANO(A)
31,YUCATAN,3,50,MERIDA,618,URBANO(A)
31,YUCATAN,3,50,MERIDA,619,URBANO(A)
31,YUCATAN,3,50,MERIDA,620,URBANO(A)
31,YUCATAN,3,50,MERIDA,621,URBANO(A)
31,YUCATAN,3,50,MERIDA,622,URBANO(A)
31,YUCATAN,3,50,MERIDA,623,URBANO(A)
31,YUCATAN,3,50,MERIDA,624,URBANO(A)
31,YUCATAN,3,50,MERIDA,625,URBANO(A)
31,YUCATAN,3,50,MERIDA,626,URBANO(A)
31,YUCATAN,3,50,MERIDA,627,URBANO(A)
31,YUCATAN,3,50,MERIDA,628,URBANO(A)
31,YUCATAN,3,50,MERIDA,629,RURAL
31,YUCATAN,3,50,MERIDA,630,RURAL
31,YUCATAN,3,50,MERIDA,631,RURAL
31,YUCATAN,3,50,MERIDA,632,RURAL
31,YUCATAN,3,50,MERIDA,633,RURAL
31,YUCATAN,3,50,MERIDA,634,URBANO(A)
31,YUCATAN,3,50,MERIDA,635,URBANO(A)
31,YUCATAN,3,50,MERIDA,636,RURAL
31,YUCATAN,3,50,MERIDA,637,URBANO(A)
31,YUCATAN,3,50,MERIDA,638,MIXTO(A)
31,YUCATAN,3,50,MERIDA,639,MIXTO(A)
31,YUCATAN,3,50,MERIDA,640,MIXTO(A)
31,YUCATAN,3,50,MERIDA,644,URBANO(A)
31,YUCATAN,3,50,MERIDA,648,RURAL
31,YUCATAN,3,50,MERIDA,1060,URBANO(A)
31,YUCATAN,3,50,MERIDA,1061,URBANO(A)
31,YUCATAN,3,50,MERIDA,1062,URBANO(A)
31,YUCATAN,3,50,MERIDA,1063,URBANO(A)
31,YUCATAN,3,50,MERIDA,1064,URBANO(A)
31,YUCATAN,3,50,MERIDA,1065,URBANO(A)
31,YUCATAN,3,50,MERIDA,1066,URBANO(A)
31,YUCATAN,3,50,MERIDA,1067,URBANO(A)
31,YUCATAN,3,50,MERIDA,1068,URBANO(A)
31,YUCATAN,3,50,MERIDA,1069,URBANO(A)
31,YUCATAN,3,50,MERIDA,1070,URBANO(A)
31,YUCATAN,3,50,MERIDA,1071,URBANO(A)
31,YUCATAN,3,50,MERIDA,1072,URBANO(A)
31,YUCATAN,3,50,MERIDA,1073,URBANO(A)
31,YUCATAN,3,50,MERIDA,1074,URBANO(A)
31,YUCATAN,3,50,MERIDA,1075,URBANO(A)
31,YUCATAN,3,50,MERIDA,1076,URBANO(A)
31,YUCATAN,3,50,MERIDA,1077,URBANO(A)
31,YUCATAN,3,50,MERIDA,1078,URBANO(A)
31,YUCATAN,3,50,MERIDA,1079,URBANO(A)
31,YUCATAN,3,50,MERIDA,1080,URBANO(A)
31,YUCATAN,3,50,MERIDA,1081,URBANO(A)
31,YUCATAN,3,50,MERIDA,1082,URBANO(A)
31,YUCATAN,3,50,MERIDA,1083,URBANO(A)
31,YUCATAN,3,50,MERIDA,1084,URBANO(A)
31,YUCATAN,3,50,MERIDA,1085,URBANO(A)
31,YUCATAN,3,50,MERIDA,1086,URBANO(A)
31,YUCATAN,3,50,MERIDA,1087,URBANO(A)
31,YUCATAN,3,50,MERIDA,1088,URBANO(A)
31,YUCATAN,3,50,MERIDA,1089,URBANO(A)
31,YUCATAN,3,50,MERIDA,1090,URBANO(A)
31,YUCATAN,3,50,MERIDA,1091,URBANO(A)
31,YUCATAN,3,50,MERIDA,1092,URBANO(A)
31,YUCATAN,3,50,MERIDA,1093,URBANO(A)
31,YUCATAN,3,50,MERIDA,1094,URBANO(A)
31,YUCATAN,3,50,MERIDA,1095,URBANO(A)
31,YUCATAN,3,50,MERIDA,1096,URBANO(A)
31,YUCATAN,3,50,MERIDA,1097,URBANO(A)
31,YUCATAN,3,50,MERIDA,1098,URBANO(A)
31,YUCATAN,3,50,MERIDA,1099,URBANO(A)
31,YUCATAN,3,50,MERIDA,1100,URBANO(A)
31,YUCATAN,3,50,MERIDA,1101,URBANO(A)
31,YUCATAN,3,50,MERIDA,1102,URBANO(A)
31,YUCATAN,3,50,MERIDA,1103,URBANO(A)
31,YUCATAN,3,50,MERIDA,1104,URBANO(A)
31,YUCATAN,3,50,MERIDA,1105,URBANO(A)
31,YUCATAN,3,50,MERIDA,1106,URBANO(A)
31,YUCATAN,3,50,MERIDA,1107,MIXTO(A)
31,YUCATAN,3,50,MERIDA,1108,URBANO(A)
31,YUCATAN,3,50,MERIDA,1109,URBANO(A)
31,YUCATAN,3,50,MERIDA,1110,URBANO(A)
31,YUCATAN,3,50,MERIDA,1111,URBANO(A)
31,YUCATAN,3,50,MERIDA,1112,URBANO(A)
31,YUCATAN,3,50,MERIDA,1113,URBANO(A)
31,YUCATAN,3,50,MERIDA,1114,URBANO(A)
31,YUCATAN,3,50,MERIDA,1115,URBANO(A)
31,YUCATAN,3,50,MERIDA,1116,URBANO(A)
31,YUCATAN,3,50,MERIDA,1117,URBANO(A)
31,YUCATAN,3,50,MERIDA,1118,URBANO(A)
31,YUCATAN,3,50,MERIDA,1119,URBANO(A)
31,YUCATAN,3,50,MERIDA,1120,URBANO(A)
31,YUCATAN,3,50,MERIDA,1121,URBANO(A)
31,YUCATAN,3,50,MERIDA,1122,URBANO(A)
31,YUCATAN,3,50,MERIDA,1123,URBANO(A)
31,YUCATAN,3,50,MERIDA,1124,URBANO(A)
31,YUCATAN,3,50,MERIDA,1125,URBANO(A)
31,YUCATAN,3,50,MERIDA,1126,URBANO(A)
31,YUCATAN,3,50,MERIDA,1127,URBANO(A)
31,YUCATAN,3,50,MERIDA,1128,URBANO(A)
31,YUCATAN,3,50,MERIDA,1129,URBANO(A)
31,YUCATAN,4,50,MERIDA,261,URBANO(A)
31,YUCATAN,4,50,MERIDA,262,URBANO(A)
31,YUCATAN,4,50,MERIDA,263,URBANO(A)
31,YUCATAN,4,50,MERIDA,264,URBANO(A)
31,YUCATAN,4,50,MERIDA,265,URBANO(A)
31,YUCATAN,4,50,MERIDA,266,URBANO(A)
31,YUCATAN,4,50,MERIDA,273,URBANO(A)
31,YUCATAN,4,50,MERIDA,274,URBANO(A)
31,YUCATAN,4,50,MERIDA,275,URBANO(A)
31,YUCATAN,4,50,MERIDA,276,URBANO(A)
31,YUCATAN,4,50,MERIDA,277,URBANO(A)
31,YUCATAN,4,50,MERIDA,278,URBANO(A)
31,YUCATAN,4,50,MERIDA,279,URBANO(A)
31,YUCATAN,4,50,MERIDA,280,URBANO(A)
31,YUCATAN,4,50,MERIDA,281,URBANO(A)
31,YUCATAN,4,50,MERIDA,282,URBANO(A)
31,YUCATAN,4,50,MERIDA,283,URBANO(A)
31,YUCATAN,4,50,MERIDA,284,URBANO(A)
31,YUCATAN,4,50,MERIDA,296,URBANO(A)
31,YUCATAN,4,50,MERIDA,297,URBANO(A)
31,YUCATAN,4,50,MERIDA,298,URBANO(A)
31,YUCATAN,4,50,MERIDA,299,URBANO(A)
31,YUCATAN,4,50,MERIDA,300,URBANO(A)
31,YUCATAN,4,50,MERIDA,301,URBANO(A)
31,YUCATAN,4,50,MERIDA,302,URBANO(A)
31,YUCATAN,4,50,MERIDA,303,URBANO(A)
31,YUCATAN,4,50,MERIDA,304,URBANO(A)
31,YUCATAN,4,50,MERIDA,305,URBANO(A)
31,YUCATAN,4,50,MERIDA,306,URBANO(A)
31,YUCATAN,4,50,MERIDA,307,URBANO(A)
31,YUCATAN,4,50,MERIDA,317,URBANO(A)
31,YUCATAN,4,50,MERIDA,318,URBANO(A)
31,YUCATAN,4,50,MERIDA,319,URBANO(A)
31,YUCATAN,4,50,MERIDA,320,URBANO(A)
31,YUCATAN,4,50,MERIDA,321,URBANO(A)
31,YUCATAN,4,50,MERIDA,322,URBANO(A)
31,YUCATAN,4,50,MERIDA,323,URBANO(A)
31,YUCATAN,4,50,MERIDA,324,URBANO(A)
31,YUCATAN,4,50,MERIDA,325,URBANO(A)
31,YUCATAN,4,50,MERIDA,326,URBANO(A)
31,YUCATAN,4,50,MERIDA,327,URBANO(A)
31,YUCATAN,4,50,MERIDA,328,URBANO(A)
31,YUCATAN,4,50,MERIDA,329,URBANO(A)
31,YUCATAN,4,50,MERIDA,330,URBANO(A)
31,YUCATAN,4,50,MERIDA,331,URBANO(A)
31,YUCATAN,4,50,MERIDA,332,URBANO(A)
31,YUCATAN,4,50,MERIDA,333,URBANO(A)
31,YUCATAN,4,50,MERIDA,334,URBANO(A)
31,YUCATAN,4,50,MERIDA,335,URBANO(A)
31,YUCATAN,4,50,MERIDA,336,URBANO(A)
31,YUCATAN,4,50,MERIDA,337,URBANO(A)
31,YUCATAN,4,50,MERIDA,353,URBANO(A)
31,YUCATAN,4,50,MERIDA,354,URBANO(A)
31,YUCATAN,4,50,MERIDA,355,URBANO(A)
31,YUCATAN,4,50,MERIDA,356,URBANO(A)
31,YUCATAN,4,50,MERIDA,357,URBANO(A)
31,YUCATAN,4,50,MERIDA,358,URBANO(A)
31,YUCATAN,4,50,MERIDA,359,URBANO(A)
31,YUCATAN,4,50,MERIDA,360,URBANO(A)
31,YUCATAN,4,50,MERIDA,361,URBANO(A)
31,YUCATAN,4,50,MERIDA,362,URBANO(A)
31,YUCATAN,4,50,MERIDA,363,URBANO(A)
31,YUCATAN,4,50,MERIDA,364,URBANO(A)
31,YUCATAN,4,50,MERIDA,395,URBANO(A)
31,YUCATAN,4,50,MERIDA,396,URBANO(A)
31,YUCATAN,4,50,MERIDA,397,URBANO(A)
31,YUCATAN,4,50,MERIDA,398,URBANO(A)
31,YUCATAN,4,50,MERIDA,399,URBANO(A)
31,YUCATAN,4,50,MERIDA,400,URBANO(A)
31,YUCATAN,4,50,MERIDA,401,URBANO(A)
31,YUCATAN,4,50,MERIDA,402,URBANO(A)
31,YUCATAN,4,50,MERIDA,403,URBANO(A)
31,YUCATAN,4,50,MERIDA,404,URBANO(A)
31,YUCATAN,4,50,MERIDA,405,URBANO(A)
31,YUCATAN,4,50,MERIDA,406,URBANO(A)
31,YUCATAN,4,50,MERIDA,407,URBANO(A)
31,YUCATAN,4,50,MERIDA,408,URBANO(A)
31,YUCATAN,4,50,MERIDA,409,URBANO(A)
31,YUCATAN,4,50,MERIDA,427,URBANO(A)
31,YUCATAN,4,50,MERIDA,428,URBANO(A)
31,YUCATAN,4,50,MERIDA,429,URBANO(A)
31,YUCATAN,4,50,MERIDA,430,URBANO(A)
31,YUCATAN,4,50,MERIDA,431,URBANO(A)
31,YUCATAN,4,50,MERIDA,432,URBANO(A)
31,YUCATAN,4,50,MERIDA,433,URBANO(A)
31,YUCATAN,4,50,MERIDA,434,URBANO(A)
31,YUCATAN,4,50,MERIDA,435,URBANO(A)
31,YUCATAN,4,50,MERIDA,436,URBANO(A)
31,YUCATAN,4,50,MERIDA,437,URBANO(A)
31,YUCATAN,4,50,MERIDA,438,URBANO(A)
31,YUCATAN,4,50,MERIDA,439,URBANO(A)
31,YUCATAN,4,50,MERIDA,440,URBANO(A)
31,YUCATAN,4,50,MERIDA,441,URBANO(A)
31,YUCATAN,4,50,MERIDA,442,URBANO(A)
31,YUCATAN,4,50,MERIDA,443,URBANO(A)
31,YUCATAN,4,50,MERIDA,444,URBANO(A)
31,YUCATAN,4,50,MERIDA,445,URBANO(A)
31,YUCATAN,4,50,MERIDA,446,URBANO(A)
31,YUCATAN,4,50,MERIDA,447,URBANO(A)
31,YUCATAN,4,50,MERIDA,448,URBANO(A)
31,YUCATAN,4,50,MERIDA,449,URBANO(A)
31,YUCATAN,4,50,MERIDA,450,URBANO(A)
31,YUCATAN,4,50,MERIDA,451,URBANO(A)
31,YUCATAN,4,50,MERIDA,452,URBANO(A)
31,YUCATAN,4,50,MERIDA,453,URBANO(A)
31,YUCATAN,4,50,MERIDA,454,URBANO(A)
31,YUCATAN,4,50,MERIDA,455,URBANO(A)
31,YUCATAN,4,50,MERIDA,456,URBANO(A)
31,YUCATAN,4,50,MERIDA,457,URBANO(A)
31,YUCATAN,4,50,MERIDA,458,URBANO(A)
31,YUCATAN,4,50,MERIDA,459,URBANO(A)
31,YUCATAN,4,50,MERIDA,481,URBANO(A)
31,YUCATAN,4,50,MERIDA,482,URBANO(A)
31,YUCATAN,4,50,MERIDA,483,URBANO(A)
31,YUCATAN,4,50,MERIDA,484,URBANO(A)
31,YUCATAN,4,50,MERIDA,485,URBANO(A)
31,YUCATAN,4,50,MERIDA,486,URBANO(A)
31,YUCATAN,4,50,MERIDA,487,URBANO(A)
31,YUCATAN,4,50,MERIDA,488,URBANO(A)
31,YUCATAN,4,50,MERIDA,489,URBANO(A)
31,YUCATAN,4,50,MERIDA,490,URBANO(A)
31,YUCATAN,4,50,MERIDA,491,URBANO(A)
31,YUCATAN,4,50,MERIDA,492,URBANO(A)
31,YUCATAN,4,50,MERIDA,493,URBANO(A)
31,YUCATAN,4,50,MERIDA,494,URBANO(A)
31,YUCATAN,4,50,MERIDA,495,URBANO(A)
31,YUCATAN,4,50,MERIDA,496,URBANO(A)
31,YUCATAN,4,50,MERIDA,497,URBANO(A)
31,YUCATAN,4,50,MERIDA,501,URBANO(A)
31,YUCATAN,4,50,MERIDA,502,URBANO(A)
31,YUCATAN,4,50,MERIDA,503,URBANO(A)
31,YUCATAN,4,50,MERIDA,504,URBANO(A)
31,YUCATAN,4,50,MERIDA,505,URBANO(A)
31,YUCATAN,4,50,MERIDA,506,URBANO(A)
31,YUCATAN,4,50,MERIDA,507,URBANO(A)
31,YUCATAN,4,50,MERIDA,508,URBANO(A)
31,YUCATAN,4,50,MERIDA,509,URBANO(A)
31,YUCATAN,4,50,MERIDA,510,URBANO(A)
31,YUCATAN,4,50,MERIDA,511,URBANO(A)
31,YUCATAN,4,50,MERIDA,512,URBANO(A)
31,YUCATAN,4,50,MERIDA,513,URBANO(A)
31,YUCATAN,4,50,MERIDA,514,URBANO(A)
31,YUCATAN,4,50,MERIDA,515,URBANO(A)
31,YUCATAN,4,50,MERIDA,516,URBANO(A)
31,YUCATAN,4,50,MERIDA,517,URBANO(A)
31,YUCATAN,4,50,MERIDA,518,URBANO(A)
31,YUCATAN,4,50,MERIDA,519,URBANO(A)
31,YUCATAN,4,50,MERIDA,520,URBANO(A)
31,YUCATAN,4,50,MERIDA,521,URBANO(A)
31,YUCATAN,4,50,MERIDA,522,URBANO(A)
31,YUCATAN,4,50,MERIDA,523,URBANO(A)
31,YUCATAN,4,50,MERIDA,524,URBANO(A)
31,YUCATAN,4,50,MERIDA,525,URBANO(A)
31,YUCATAN,4,50,MERIDA,526,URBANO(A)
31,YUCATAN,4,50,MERIDA,527,URBANO(A)
31,YUCATAN,4,50,MERIDA,528,URBANO(A)
31,YUCATAN,4,50,MERIDA,529,URBANO(A)
31,YUCATAN,4,50,MERIDA,530,URBANO(A)
31,YUCATAN,4,50,MERIDA,531,URBANO(A)
31,YUCATAN,4,50,MERIDA,532,URBANO(A)
31,YUCATAN,4,50,MERIDA,533,URBANO(A)
31,YUCATAN,4,50,MERIDA,534,URBANO(A)
31,YUCATAN,4,50,MERIDA,535,URBANO(A)
31,YUCATAN,4,50,MERIDA,536,URBANO(A)
31,YUCATAN,4,50,MERIDA,537,URBANO(A)
31,YUCATAN,4,50,MERIDA,538,URBANO(A)
31,YUCATAN,4,50,MERIDA,539,URBANO(A)
31,YUCATAN,4,50,MERIDA,540,URBANO(A)
31,YUCATAN,4,50,MERIDA,541,URBANO(A)
31,YUCATAN,4,50,MERIDA,542,URBANO(A)
31,YUCATAN,4,50,MERIDA,543,URBANO(A)
31,YUCATAN,4,50,MERIDA,544,URBANO(A)
31,YUCATAN,4,50,MERIDA,545,URBANO(A)
31,YUCATAN,4,50,MERIDA,546,URBANO(A)
31,YUCATAN,4,50,MERIDA,547,URBANO(A)
31,YUCATAN,4,50,MERIDA,548,URBANO(A)
31,YUCATAN,4,50,MERIDA,549,URBANO(A)
31,YUCATAN,4,50,MERIDA,550,URBANO(A)
31,YUCATAN,4,50,MERIDA,551,URBANO(A)
31,YUCATAN,4,50,MERIDA,552,URBANO(A)
31,YUCATAN,4,50,MERIDA,553,URBANO(A)
31,YUCATAN,4,50,MERIDA,554,URBANO(A)
31,YUCATAN,4,50,MERIDA,555,URBANO(A)
31,YUCATAN,4,50,MERIDA,556,URBANO(A)
31,YUCATAN,4,50,MERIDA,557,URBANO(A)
31,YUCATAN,4,50,MERIDA,558,URBANO(A)
31,YUCATAN,4,50,MERIDA,559,URBANO(A)
31,YUCATAN,4,50,MERIDA,566,URBANO(A)
31,YUCATAN,4,50,MERIDA,567,URBANO(A)
31,YUCATAN,4,50,MERIDA,568,URBANO(A)
31,YUCATAN,4,50,MERIDA,569,URBANO(A)
31,YUCATAN,4,50,MERIDA,570,URBANO(A)
31,YUCATAN,4,50,MERIDA,571,URBANO(A)
31,YUCATAN,4,50,MERIDA,572,URBANO(A)
31,YUCATAN,4,50,MERIDA,573,URBANO(A)
31,YUCATAN,4,50,MERIDA,577,URBANO(A)
31,YUCATAN,4,50,MERIDA,578,URBANO(A)
31,YUCATAN,4,50,MERIDA,579,URBANO(A)
31,YUCATAN,4,50,MERIDA,641,URBANO(A)
31,YUCATAN,4,50,MERIDA,642,MIXTO(A)
31,YUCATAN,4,50,MERIDA,643,MIXTO(A)
31,YUCATAN,4,50,MERIDA,646,URBANO(A)
31,YUCATAN,4,50,MERIDA,647,RURAL
31,YUCATAN,4,50,MERIDA,649,URBANO(A)
31,YUCATAN,4,50,MERIDA,650,MIXTO(A)
31,YUCATAN,4,50,MERIDA,651,RURAL
31,YUCATAN,4,50,MERIDA,652,RURAL
31,YUCATAN,4,50,MERIDA,653,MIXTO(A)
31,YUCATAN,4,50,MERIDA,654,MIXTO(A)
31,YUCATAN,4,50,MERIDA,655,RURAL
31,YUCATAN,4,50,MERIDA,656,RURAL
31,YUCATAN,5,1,ABALA,1,URBANO(A)
31,YUCATAN,5,1,ABALA,2,RURAL
31,YUCATAN,5,1,ABALA,3,RURAL
31,YUCATAN,5,1,ABALA,4,RURAL
31,YUCATAN,5,1,ABALA,5,URBANO(A)
31,YUCATAN,5,1,ABALA,6,RURAL
31,YUCATAN,5,3,AKIL,14,URBANO(A)
31,YUCATAN,5,3,AKIL,15,MIXTO(A)
31,YUCATAN,5,3,AKIL,16,URBANO(A)
31,YUCATAN,5,3,AKIL,17,URBANO(A)
31,YUCATAN,5,3,AKIL,18,MIXTO(A)
31,YUCATAN,5,11,CELESTUN,50,MIXTO(A)
31,YUCATAN,5,11,CELESTUN,51,URBANO(A)
31,YUCATAN,5,11,CELESTUN,52,URBANO(A)
31,YUCATAN,5,11,CELESTUN,53,URBANO(A)
31,YUCATAN,5,15,CUZAMA,67,URBANO(A)
31,YUCATAN,5,15,CUZAMA,68,MIXTO(A)
31,YUCATAN,5,15,CUZAMA,69,RURAL
31,YUCATAN,5,18,CHAPAB,75,URBANO(A)
31,YUCATAN,5,18,CHAPAB,76,URBANO(A)
31,YUCATAN,5,18,CHAPAB,77,RURAL
31,YUCATAN,5,23,CHOCHOLA,103,URBANO(A)
31,YUCATAN,5,23,CHOCHOLA,104,MIXTO(A)
31,YUCATAN,5,23,CHOCHOLA,105,URBANO(A)
31,YUCATAN,5,24,CHUMAYEL,106,MIXTO(A)
31,YUCATAN,5,24,CHUMAYEL,107,MIXTO(A)
31,YUCATAN,5,25,DZAN,108,MIXTO(A)
31,YUCATAN,5,25,DZAN,109,URBANO(A)
31,YUCATAN,5,33,HALACHO,142,URBANO(A)
31,YUCATAN,5,33,HALACHO,143,URBANO(A)
31,YUCATAN,5,33,HALACHO,144,URBANO(A)
31,YUCATAN,5,33,HALACHO,145,URBANO(A)
31,YUCATAN,5,33,HALACHO,146,URBANO(A)
31,YUCATAN,5,33,HALACHO,147,RURAL
31,YUCATAN,5,33,HALACHO,148,MIXTO(A)
31,YUCATAN,5,33,HALACHO,149,MIXTO(A)
31,YUCATAN,5,33,HALACHO,150,RURAL
31,YUCATAN,5,33,HALACHO,151,MIXTO(A)
31,YUCATAN,5,36,HOMUN,162,URBANO(A)
31,YUCATAN,5,36,HOMUN,163,MIXTO(A)
31,YUCATAN,5,36,HOMUN,164,URBANO(A)
31,YUCATAN,5,36,HOMUN,165,URBANO(A)
31,YUCATAN,5,36,HOMUN,166,RURAL
31,YUCATAN,5,36,HOMUN,167,RURAL
31,YUCATAN,5,37,HUHI,168,URBANO(A)
31,YUCATAN,5,37,HUHI,169,MIXTO(A)
31,YUCATAN,5,37,HUHI,170,URBANO(A)
31,YUCATAN,5,37,HUHI,171,RURAL
31,YUCATAN,5,38,HUNUCMA,172,MIXTO(A)
31,YUCATAN,5,38,HUNUCMA,173,MIXTO(A)
31,YUCATAN,5,38,HUNUCMA,174,URBANO(A)
31,YUCATAN,5,38,HUNUCMA,175,URBANO(A)
31,YUCATAN,5,38,HUNUCMA,176,URBANO(A)
31,YUCATAN,5,38,HUNUCMA,177,URBANO(A)
31,YUCATAN,5,38,HUNUCMA,178,URBANO(A)
31,YUCATAN,5,38,HUNUCMA,179,URBANO(A)
31,YUCATAN,5,38,HUNUCMA,180,MIXTO(A)
31,YUCATAN,5,38,HUNUCMA,181,URBANO(A)
31,YUCATAN,5,38,HUNUCMA,182,MIXTO(A)
31,YUCATAN,5,38,HUNUCMA,183,URBANO(A)
31,YUCATAN,5,38,HUNUCMA,184,URBANO(A)
31,YUCATAN,5,38,HUNUCMA,185,RURAL
31,YUCATAN,5,38,HUNUCMA,186,MIXTO(A)
31,YUCATAN,5,44,KINCHIL,228,MIXTO(A)
31,YUCATAN,5,44,KINCHIL,229,URBANO(A)
31,YUCATAN,5,44,KINCHIL,230,URBANO(A)
31,YUCATAN,5,44,KINCHIL,231,RURAL
31,YUCATAN,5,45,KOPOMA,232,MIXTO(A)
31,YUCATAN,5,45,KOPOMA,233,RURAL
31,YUCATAN,5,46,MAMA,234,MIXTO(A)
31,YUCATAN,5,46,MAMA,235,URBANO(A)
31,YUCATAN,5,47,MANI,236,URBANO(A)
31,YUCATAN,5,47,MANI,237,MIXTO(A)
31,YUCATAN,5,47,MANI,238,RURAL
31,YUCATAN,5,48,MAXCANU,239,MIXTO(A)
31,YUCATAN,5,48,MAXCANU,240,URBANO(A)
31,YUCATAN,5,48,MAXCANU,241,URBANO(A)
31,YUCATAN,5,48,MAXCANU,242,URBANO(A)
31,YUCATAN,5,48,MAXCANU,243,URBANO(A)
31,YUCATAN,5,48,MAXCANU,244,URBANO(A)
31,YUCATAN,5,48,MAXCANU,245,MIXTO(A)
31,YUCATAN,5,48,MAXCANU,246,MIXTO(A)
31,YUCATAN,5,48,MAXCANU,247,RURAL
31,YUCATAN,5,48,MAXCANU,248,RURAL
31,YUCATAN,5,48,MAXCANU,249,RURAL
31,YUCATAN,5,48,MAXCANU,250,RURAL
31,YUCATAN,5,48,MAXCANU,251,RURAL
31,YUCATAN,5,49,MAYAPAN,252,MIXTO(A)
31,YUCATAN,5,49,MAYAPAN,253,URBANO(A)
31,YUCATAN,5,53,MUNA,680,MIXTO(A)
31,YUCATAN,5,53,MUNA,681,URBANO(A)
31,YUCATAN,5,53,MUNA,682,URBANO(A)
31,YUCATAN,5,53,MUNA,683,MIXTO(A)
31,YUCATAN,5,53,MUNA,684,URBANO(A)
31,YUCATAN,5,53,MUNA,685,RURAL
31,YUCATAN,5,53,MUNA,686,RURAL
31,YUCATAN,5,55,OPICHEN,690,URBANO(A)
31,YUCATAN,5,55,OPICHEN,691,MIXTO(A)
31,YUCATAN,5,55,OPICHEN,692,MIXTO(A)
31,YUCATAN,5,56,OXKUTZCAB,693,URBANO(A)
31,YUCATAN,5,56,OXKUTZCAB,694,URBANO(A)
31,YUCATAN,5,56,OXKUTZCAB,695,URBANO(A)
31,YUCATAN,5,56,OXKUTZCAB,696,URBANO(A)
31,YUCATAN,5,56,OXKUTZCAB,697,URBANO(A)
31,YUCATAN,5,56,OXKUTZCAB,698,URBANO(A)
31,YUCATAN,5,56,OXKUTZCAB,699,URBANO(A)
31,YUCATAN,5,56,OXKUTZCAB,700,URBANO(A)
31,YUCATAN,5,56,OXKUTZCAB,701,URBANO(A)
31,YUCATAN,5,56,OXKUTZCAB,702,URBANO(A)
31,YUCATAN,5,56,OXKUTZCAB,703,MIXTO(A)
31,YUCATAN,5,56,OXKUTZCAB,704,MIXTO(A)
31,YUCATAN,5,56,OXKUTZCAB,705,RURAL
31,YUCATAN,5,56,OXKUTZCAB,706,MIXTO(A)
31,YUCATAN,5,56,OXKUTZCAB,707,MIXTO(A)
31,YUCATAN,5,56,OXKUTZCAB,708,RURAL
31,YUCATAN,5,62,SACALUM,769,URBANO(A)
31,YUCATAN,5,62,SACALUM,770,MIXTO(A)
31,YUCATAN,5,62,SACALUM,771,RURAL
31,YUCATAN,5,63,SAMAHIL,772,MIXTO(A)
31,YUCATAN,5,63,SAMAHIL,773,RURAL
31,YUCATAN,5,63,SAMAHIL,774,URBANO(A)
31,YUCATAN,5,64,SANAHCAT,775,MIXTO(A)
31,YUCATAN,5,66,SANTA ELENA,778,URBANO(A)
31,YUCATAN,5,66,SANTA ELENA,779,MIXTO(A)
31,YUCATAN,5,66,SANTA ELENA,780,RURAL
31,YUCATAN,5,75,TEABO,805,MIXTO(A)
31,YUCATAN,5,75,TEABO,806,URBANO(A)
31,YUCATAN,5,76,TECOH,807,MIXTO(A)
31,YUCATAN,5,76,TECOH,808,URBANO(A)
31,YUCATAN,5,76,TECOH,809,URBANO(A)
31,YUCATAN,5,76,TECOH,810,URBANO(A)
31,YUCATAN,5,76,TECOH,811,RURAL
31,YUCATAN,5,76,TECOH,812,RURAL
31,YUCATAN,5,76,TECOH,813,RURAL
31,YUCATAN,5,76,TECOH,814,RURAL
31,YUCATAN,5,76,TECOH,815,RURAL
31,YUCATAN,5,76,TECOH,816,RURAL
31,YUCATAN,5,79,TEKAX,826,URBANO(A)
31,YUCATAN,5,79,TEKAX,827,URBANO(A)
31,YUCATAN,5,79,TEKAX,828,URBANO(A)
31,YUCATAN,5,79,TEKAX,829,URBANO(A)
31,YUCATAN,5,79,TEKAX,830,URBANO(A)
31,YUCATAN,5,79,TEKAX,831,URBANO(A)
31,YUCATAN,5,79,TEKAX,832,URBANO(A)
31,YUCATAN,5,79,TEKAX,833,URBANO(A)
31,YUCATAN,5,79,TEKAX,834,URBANO(A)
31,YUCATAN,5,79,TEKAX,835,URBANO(A)
31,YUCATAN,5,79,TEKAX,836,URBANO(A)
31,YUCATAN,5,79,TEKAX,837,RURAL
31,YUCATAN,5,79,TEKAX,838,MIXTO(A)
31,YUCATAN,5,79,TEKAX,839,MIXTO(A)
31,YUCATAN,5,79,TEKAX,840,MIXTO(A)
31,YUCATAN,5,79,TEKAX,841,RURAL
31,YUCATAN,5,79,TEKAX,842,MIXTO(A)
31,YUCATAN,5,79,TEKAX,843,RURAL
31,YUCATAN,5,79,TEKAX,844,RURAL
31,YUCATAN,5,79,TEKAX,845,RURAL
31,YUCATAN,5,80,TEKIT,846,URBANO(A)
31,YUCATAN,5,80,TEKIT,847,MIXTO(A)
31,YUCATAN,5,80,TEKIT,848,URBANO(A)
31,YUCATAN,5,80,TEKIT,849,URBANO(A)
31,YUCATAN,5,87,TETIZ,878,MIXTO(A)
31,YUCATAN,5,87,TETIZ,879,URBANO(A)
31,YUCATAN,5,89,TICUL,882,URBANO(A)
31,YUCATAN,5,89,TICUL,883,URBANO(A)
31,YUCATAN,5,89,TICUL,884,URBANO(A)
31,YUCATAN,5,89,TICUL,885,URBANO(A)
31,YUCATAN,5,89,TICUL,886,URBANO(A)
31,YUCATAN,5,89,TICUL,887,URBANO(A)
31,YUCATAN,5,89,TICUL,888,URBANO(A)
31,YUCATAN,5,89,TICUL,889,URBANO(A)
31,YUCATAN,5,89,TICUL,890,URBANO(A)
31,YUCATAN,5,89,TICUL,891,URBANO(A)
31,YUCATAN,5,89,TICUL,892,URBANO(A)
31,YUCATAN,5,89,TICUL,893,URBANO(A)
31,YUCATAN,5,89,TICUL,894,URBANO(A)
31,YUCATAN,5,89,TICUL,895,URBANO(A)
31,YUCATAN,5,89,TICUL,896,MIXTO(A)
31,YUCATAN,5,89,TICUL,897,MIXTO(A)
31,YUCATAN,5,100,UCU,988,MIXTO(A)
31,YUCATAN,5,100,UCU,989,URBANO(A)
31,YUCATAN,5,101,UMAN,990,URBANO(A)
31,YUCATAN,5,101,UMAN,991,MIXTO(A)
31,YUCATAN,5,101,UMAN,992,URBANO(A)
31,YUCATAN,5,101,UMAN,993,URBANO(A)
31,YUCATAN,5,101,UMAN,994,URBANO(A)
31,YUCATAN,5,101,UMAN,995,URBANO(A)
31,YUCATAN,5,101,UMAN,996,URBANO(A)
31,YUCATAN,5,101,UMAN,997,URBANO(A)
31,YUCATAN,5,101,UMAN,998,URBANO(A)
31,YUCATAN,5,101,UMAN,999,MIXTO(A)
31,YUCATAN,5,101,UMAN,1000,URBANO(A)
31,YUCATAN,5,101,UMAN,1001,RURAL
31,YUCATAN,5,101,UMAN,1002,URBANO(A)
31,YUCATAN,5,101,UMAN,1003,URBANO(A)
31,YUCATAN,5,101,UMAN,1004,URBANO(A)
31,YUCATAN,5,101,UMAN,1005,RURAL
31,YUCATAN,5,101,UMAN,1006,RURAL
31,YUCATAN,5,101,UMAN,1007,RURAL
31,YUCATAN,5,101,UMAN,1008,RURAL
31,YUCATAN,5,101,UMAN,1009,RURAL